key,mn,en,zh,context
site.name,Strategy Law Firm,Strategy Law Firm,Strategy Law Firm,"Сайт даяар (title, metadata, хэл сонголт)"
site.description,"Хууль зүйн мэргэжлийн туслалцаа үзүүлэгч байгууллага. Иргэн, аж ахуйн нэгжид өмгөөлөл, эрх зүйн зөвлөгөө үзүүлнэ.",A professional legal services firm. We provide representation and legal advice to individuals and businesses.,提供专业法律服务的机构，为个人和企业提供辩护代理与法律咨询。,"Сайт даяар (title, metadata, хэл сонголт)"
site.skipToContent,Үндсэн агуулга руу очих,Skip to main content,跳至主要内容,"Сайт даяар (title, metadata, хэл сонголт)"
site.languageLabel,Хэл сонгох,Choose language,选择语言,"Сайт даяар (title, metadata, хэл сонголт)"
site.postsInMongolian,Эдгээр нийтлэл монгол хэл дээр байна.,These articles are published in Mongolian.,以下文章为蒙古文。,"Сайт даяар (title, metadata, хэл сонголт)"
site.dismissSuggestion,Хаах,Dismiss,关闭,"Сайт даяар (title, metadata, хэл сонголт)"
nav.menu,Үндсэн цэс,Main menu,主菜单,Толгой цэс (desktop + гар утас)
nav.mobileMenu,Гар утасны цэс,Mobile menu,手机菜单,Толгой цэс (desktop + гар утас)
nav.openMenu,Цэс нээх,Open menu,打开菜单,Толгой цэс (desktop + гар утас)
nav.closeMenu,Цэс хаах,Close menu,关闭菜单,Толгой цэс (desktop + гар утас)
nav.menuTitle,Цэс,Menu,菜单,Толгой цэс (desktop + гар утас)
nav.menuDescription,Сайтын үндсэн цэс,Main site menu,网站主菜单,Толгой цэс (desktop + гар утас)
nav.about,Бидний тухай,About us,关于我们,Толгой цэс (desktop + гар утас)
nav.services,Үйлчилгээ,Services,服务,Толгой цэс (desktop + гар утас)
nav.lawyers,Хуульчид,Lawyers,律师团队,Толгой цэс (desktop + гар утас)
nav.news,Мэдээ,News,资讯,Толгой цэс (desktop + гар утас)
nav.faq,Түгээмэл асуулт,FAQ,常见问题,Толгой цэс (desktop + гар утас)
nav.contact,Холбоо барих,Contact,联系我们,Толгой цэс (desktop + гар утас)
nav.portal,Портал,Client portal,客户门户,Толгой цэс (desktop + гар утас)
nav.cta,Зөвлөгөө авах,Request advice,咨询申请,Толгой цэс (desktop + гар утас)
footer.description,"Хууль зүйн мэргэжлийн туслалцаа үзүүлэгч байгууллага. Иргэн, аж ахуйн нэгжид өмгөөлөл, эрх зүйн зөвлөгөө үзүүлнэ.",A professional legal services firm. We provide representation and legal advice to individuals and businesses.,提供专业法律服务的机构，为个人和企业提供辩护代理与法律咨询。,Хөл
footer.descriptionShort,Хууль зүйн мэргэжлийн туслалцаа үзүүлэгч байгууллага.,A professional legal services firm.,提供专业法律服务的机构。,Хөл
footer.services,Үйлчилгээ,Services,服务,Хөл
footer.company,Компани,Company,公司,Хөл
footer.contact,Холбоо барих,Contact,联系我们,Хөл
footer.news,Мэдээ ба нийтлэл,News and articles,资讯与文章,Хөл
footer.careers,Ажлын байр,Careers,招聘,Хөл
footer.rights,Бүх эрх хуулиар хамгаалагдсан.,All rights reserved.,版权所有。,Хөл
footer.privacy,Нууцлалын бодлого,Privacy policy,隐私政策,Хөл
footer.terms,Үйлчилгээний нөхцөл,Terms of service,服务条款,Хөл
footer.serviceShort.civil,Иргэний,Civil,民事,Хөл
footer.serviceShort.criminal,Эрүүгийн,Criminal,刑事,Хөл
footer.serviceShort.family,Гэр бүлийн,Family,家事,Хөл
footer.serviceShort.business,Бизнесийн,Business,商事,Хөл
footer.serviceShort.labor,Хөдөлмөрийн,Employment,劳动,Хөл
footer.serviceShort.real-estate,Үл хөдлөх,Real estate,不动产,Хөл
services.catalog.civil.title,Иргэний эрх зүй,Civil law,民事法律,Үйлчилгээний агуулга (чиглэл бүр)
services.catalog.civil.teaser,"Гэрээний маргаан, өв залгамжлал, өмчийн эрх, нөхөн төлбөрийн нэхэмжлэл.","Contract disputes, inheritance, property rights and compensation claims.",合同纠纷、继承、所有权及损害赔偿请求。,Үйлчилгээний агуулга (чиглэл бүр)
services.catalog.civil.short,"Гэрээний маргаан, өв залгамжлал, өмчийн эрх, нөхөн төлбөр.","Contract disputes, inheritance, property rights, compensation.",合同纠纷、继承、所有权、损害赔偿。,Үйлчилгээний агуулга (чиглэл бүр)
services.catalog.civil.highlights.0,"Гэрээ боловсруулах, хянах",Drafting and reviewing contracts,起草与审查合同,Үйлчилгээний агуулга (чиглэл бүр)
services.catalog.civil.highlights.1,Өв залгамжлалын маргаан,Inheritance disputes,继承纠纷,Үйлчилгээний агуулга (чиглэл бүр)
services.catalog.civil.highlights.2,Нөхөн төлбөрийн нэхэмжлэл,Compensation claims,损害赔偿请求,Үйлчилгээний агуулга (чиглэл бүр)
services.catalog.civil.intro,"Гэрээ, өмч, өв залгамжлалтай холбоотой маргааныг шүүхийн өмнөх болон шүүхийн шатанд хууль зүйн үндэслэлтэйгээр шийдвэрлэхэд тусална.","We help resolve disputes over contracts, property and inheritance on solid legal grounds, both before and during court proceedings.",我们协助在诉前及诉讼阶段，依法妥善解决合同、财产及继承相关纠纷。,Үйлчилгээний агуулга (чиглэл бүр)
services.catalog.civil.body.0,"Иргэний маргаан ихэвчлэн гэрээний нөхцөл, нотлох баримтын асуудлаар шийдэгддэг. Тиймээс бид эхний уулзалтаас эхлэн ямар баримт бүрдүүлэх шаардлагатайг тодорхой жагсаан өгдөг.","Civil disputes usually turn on the terms of the contract and on the evidence. That is why, from the first meeting, we give you a clear list of the documents you need to gather.",民事纠纷通常取决于合同条款与证据。因此我们从首次会面起，就明确列出您需要准备的材料清单。,Үйлчилгээний агуулга (чиглэл бүр)
services.catalog.civil.body.1,"Хохирол нэхэмжлэх, гэрээ цуцлах хугацаа хуулиар хязгаарлагдсан байдаг тул маргаан үүссэн даруйд хандахыг зөвлөж байна.","The time limits for claiming damages or terminating a contract are set by law, so we recommend seeking advice as soon as a dispute arises.",主张损害赔偿、解除合同均有法定期限，建议纠纷一旦发生即尽早咨询。,Үйлчилгээний агуулга (чиглэл бүр)
services.catalog.civil.items.0,"Гэрээ боловсруулах, хянах, хэлэлцээр хийх","Drafting, reviewing and negotiating contracts",起草、审查合同并参与谈判,Үйлчилгээний агуулга (чиглэл бүр)
services.catalog.civil.items.1,Гэрээний үүргээ биелүүлээгүй талд нэхэмжлэл гаргах,Bringing claims against a party in breach of contract,向违约方提起请求,Үйлчилгээний агуулга (чиглэл бүр)
services.catalog.civil.items.2,Хохирол нөхөн төлүүлэх нэхэмжлэл бэлтгэх,Preparing claims for compensation of damages,准备损害赔偿请求,Үйлчилгээний агуулга (чиглэл бүр)
services.catalog.civil.items.3,"Өв залгамжлал, гэрээслэлийн маргаан",Inheritance and will disputes,继承与遗嘱纠纷,Үйлчилгээний агуулга (чиглэл бүр)
services.catalog.civil.items.4,Өмчлөх эрхийн зөрчлийг арилгуулах,Remedying infringements of ownership rights,排除所有权侵害,Үйлчилгээний агуулга (чиглэл бүр)
services.catalog.civil.items.5,Бүх шатны шүүхэд төлөөлөх,Representation before courts at every instance,各级法院代理,Үйлчилгээний агуулга (чиглэл бүр)
services.catalog.civil.note.title,Анхаарах зүйл,Please note,特别提示,Үйлчилгээний агуулга (чиглэл бүр)
services.catalog.civil.note.text,"Иргэний нэхэмжлэл гаргах хөөн хэлэлцэх ерөнхий хугацаа 10 жил, гэрээний маргаанд 3 жил байдаг. Хугацаа хэтэрсэн тохиолдолд нэхэмжлэлийн шаардлагыг хангуулах боломж хязгаарлагдмал.","The general limitation period for civil claims is 10 years, and 3 years for contract disputes. Once the period has expired, the possibility of enforcing the claim is limited.",民事请求的一般诉讼时效为 10 年，合同纠纷为 3 年。期限届满后，请求获得支持的可能性受到限制。,Үйлчилгээний агуулга (чиглэл бүр)
services.catalog.civil.faq.when.question,Маргаан үүссэн бол хэдий хугацаанд хандах ёстой вэ?,How soon should I seek advice after a dispute arises?,发生纠纷后应在多长时间内咨询？,Үйлчилгээний агуулга (чиглэл бүр)
services.catalog.civil.faq.when.answer,"Гэрээний маргаанд хөөн хэлэлцэх хугацаа 3 жил байдаг. Гэхдээ нотлох баримт цуглуулах, эвлэрлийн боломжийг ашиглахын тулд маргаан үүссэн даруйд хандахыг зөвлөж байна.","The limitation period for contract disputes is 3 years. Even so, we recommend coming to us as soon as the dispute arises, so that evidence can be gathered and settlement remains an option.",合同纠纷的诉讼时效为 3 年。但为便于收集证据并保留和解机会，建议纠纷发生后立即咨询。,Үйлчилгээний агуулга (чиглэл бүр)
services.catalog.civil.faq.docs.question,Ямар баримт бүрдүүлэх шаардлагатай вэ?,Which documents do I need to prepare?,需要准备哪些材料？,Үйлчилгээний агуулга (чиглэл бүр)
services.catalog.civil.faq.docs.answer,"Гэрээ, төлбөрийн баримт, харилцсан захидал, мессеж, гэрчийн мэдээлэл болон хохирлыг нотлох баримтуудыг бүрдүүлнэ. Эхний уулзалтаар тодорхой жагсаалт өгнө.","The contract, payment records, correspondence and messages, witness details and evidence of the loss. We give you a specific list at the first meeting.",合同、付款凭证、往来函件与消息记录、证人信息以及证明损失的材料。首次会面时我们会提供具体清单。,Үйлчилгээний агуулга (чиглэл бүр)
services.catalog.civil.faq.fee.question,Төлбөр хэрхэн тооцогддог вэ?,How are fees calculated?,费用如何计算？,Үйлчилгээний агуулга (чиглэл бүр)
services.catalog.civil.faq.fee.answer,"Төлбөрийг ажлын цар хүрээ, хугацаанаас хамааран гэрээгээр тогтооно. Анхан шатны уулзалтаар ажлын хүрээг тодорхойлж, төлбөрийн нөхцөлийг бичгээр тохиролцоно.",Fees depend on the scope and duration of the work and are agreed in the engagement contract. At the first meeting we define the scope of work and set out the fee terms in writing.,费用依据工作范围与期限，在委托合同中约定。首次会面时确定工作范围，并以书面方式约定收费条件。,Үйлчилгээний агуулга (чиглэл бүр)
services.catalog.civil.faq.duration.question,Хэрэг хэр удаж шийдэгддэг вэ?,How long does a case take?,案件通常多久审结？,Үйлчилгээний агуулга (чиглэл бүр)
services.catalog.civil.faq.duration.answer,"Анхан шатны шүүх ихэвчлэн 2–6 сарын дотор шийдвэрлэдэг. Давж заалдах, хяналтын шатанд тус бүр 1–3 сар нэмэгдэнэ.",A court of first instance usually decides within 2–6 months. Appeal and cassation proceedings add 1–3 months each.,一审法院通常在 2–6 个月内作出裁判，上诉与再审阶段各需 1–3 个月。,Үйлчилгээний агуулга (чиглэл бүр)
services.catalog.civil.pricing.0.label,Анхан шатны уулзалт,First meeting,首次会面,Үйлчилгээний агуулга (чиглэл бүр)
services.catalog.civil.pricing.0.value,Хүсэлт илгээснээр,On request,提交申请后安排,Үйлчилгээний агуулга (чиглэл бүр)
services.catalog.civil.pricing.1.label,"Баримт бичиг, дүгнэлт",Documents and legal opinions,文书与法律意见,Үйлчилгээний агуулга (чиглэл бүр)
services.catalog.civil.pricing.1.value,Ажлын хүрээгээр,By scope of work,按工作范围,Үйлчилгээний агуулга (чиглэл бүр)
services.catalog.civil.pricing.2.label,Шүүхэд төлөөлөх,Court representation,出庭代理,Үйлчилгээний агуулга (чиглэл бүр)
services.catalog.civil.pricing.2.value,Гэрээгээр,By contract,按合同约定,Үйлчилгээний агуулга (чиглэл бүр)
services.catalog.criminal.title,Эрүүгийн эрх зүй,Criminal law,刑事法律,Үйлчилгээний агуулга (чиглэл бүр)
services.catalog.criminal.teaser,"Сэжигтэн, яллагдагч, хохирогчийн эрхийн хамгаалалт, өмгөөллийн бүрэн үйлчилгээ.","Protection of the rights of suspects, the accused and victims; full criminal defence.",保护犯罪嫌疑人、被告人及被害人权利，提供完整的刑事辩护服务。,Үйлчилгээний агуулга (чиглэл бүр)
services.catalog.criminal.short,"Сэжигтэн, яллагдагч, хохирогчийн эрхийн бүрэн хамгаалалт.","Full protection of the rights of suspects, the accused and victims.",全面保护犯罪嫌疑人、被告人及被害人权利。,Үйлчилгээний агуулга (чиглэл бүр)
services.catalog.criminal.highlights.0,Мөрдөн байцаалтын шатны өмгөөлөл,Defence during the investigation,侦查阶段辩护,Үйлчилгээний агуулга (чиглэл бүр)
services.catalog.criminal.highlights.1,Шүүх хуралдаанд төлөөлөх,Representation at trial,出庭辩护,Үйлчилгээний агуулга (чиглэл бүр)
services.catalog.criminal.highlights.2,Хохирогчийн эрх хамгаалах,Protecting victims' rights,维护被害人权利,Үйлчилгээний агуулга (чиглэл бүр)
services.catalog.criminal.intro,"Мөрдөн байцаалтын эхний өдрөөс шүүхийн бүх шат хүртэл сэжигтэн, яллагдагчийг өмгөөлж, хохирогчийн эрх ашгийг хамгаална.","From the first day of the investigation through every court instance, we defend suspects and the accused and protect the interests of victims.",从侦查第一天到各级法院审理，我们为犯罪嫌疑人与被告人辩护，并维护被害人的合法权益。,Үйлчилгээний агуулга (чиглэл бүр)
services.catalog.criminal.body.0,"Эрүүгийн хэрэгт цаг хугацаа шийдвэрлэх ач холбогдолтой. Мэдүүлэг өгөх, баримт хураалгахаас өмнө хуульчтай зөвлөлдөх нь таны эрхийг хамгаалах хамгийн чухал алхам юм.","In criminal matters, timing is decisive. Consulting a lawyer before you give a statement or hand over material is the single most important step in protecting your rights.",刑事案件中时间至关重要。在作出陈述或提交材料之前先咨询律师，是保护自身权利最关键的一步。,Үйлчилгээний агуулга (чиглэл бүр)
services.catalog.criminal.body.1,"Бид хэргийн материалтай бүрэн танилцаж, процессын зөрчил, нотлох баримтын хүчин төгөлдөр байдлыг нарийвчлан шинжилж, хамгаалалтын байр суурийг тодорхойлдог.","We review the case file in full, examine procedural violations and the admissibility of the evidence in detail, and build the defence position on that basis.",我们全面查阅案卷，细致审查程序违法情形与证据的合法性，并据此确定辩护方案。,Үйлчилгээний агуулга (чиглэл бүр)
services.catalog.criminal.items.0,Мөрдөн байцаалтын шатанд өмгөөлөл,Defence during the investigation,侦查阶段辩护,Үйлчилгээний агуулга (чиглэл бүр)
services.catalog.criminal.items.1,Цагдан хорих таслан сэргийлэх арга хэмжээг өөрчлүүлэх,Applications to vary pre-trial detention,申请变更羁押强制措施,Үйлчилгээний агуулга (чиглэл бүр)
services.catalog.criminal.items.2,Шүүх хуралдаанд яллагдагчийг өмгөөлөх,Defending the accused at trial,在庭审中为被告人辩护,Үйлчилгээний агуулга (чиглэл бүр)
services.catalog.criminal.items.3,"Хохирогчийн төлөөлөл, хохирол нэхэмжлэх",Representing victims and claiming compensation,被害人代理与损害赔偿请求,Үйлчилгээний агуулга (чиглэл бүр)
services.catalog.criminal.items.4,"Давж заалдах, хяналтын шатны гомдол бэлтгэх",Preparing appeals and cassation complaints,准备上诉与再审申诉,Үйлчилгээний агуулга (чиглэл бүр)
services.catalog.criminal.items.5,Эдийн засгийн гэмт хэрэг,Economic crime,经济犯罪,Үйлчилгээний агуулга (чиглэл бүр)
services.catalog.criminal.note.title,Анхаарах зүйл,Please note,特别提示,Үйлчилгээний агуулга (чиглэл бүр)
services.catalog.criminal.note.text,"Баривчлагдсан, дуудагдсан тохиолдолд өмгөөлөгч авах эрхээ нэн даруй мэдэгдээрэй. Эхний мэдүүлэг өмгөөлөгчгүйгээр өгсөн тохиолдолд хэргийн үр дүнд сөргөөр нөлөөлж болзошгүй.","If you are arrested or summoned, state immediately that you wish to have a lawyer. A first statement given without a lawyer present may harm the outcome of the case.",若被拘留或被传唤，请立即声明要求委托律师。在没有律师在场的情况下作出的首次陈述，可能对案件结果产生不利影响。,Үйлчилгээний агуулга (чиглэл бүр)
services.catalog.criminal.faq.when.question,Дуудагдсан бол хэзээ хандах ёстой вэ?,I have been summoned — when should I contact you?,收到传唤后应何时联系律师？,Үйлчилгээний агуулга (чиглэл бүр)
services.catalog.criminal.faq.when.answer,"Мэдүүлэг өгөхөөс өмнө хандахыг зөвлөж байна. Хүсэлтээ порталаар илгээх, эсхүл «Холбоо барих» хэсэгт заасан утсаар холбогдоно уу.",We recommend contacting us before you give a statement. Send a request through the portal or call the number shown on the Contact page.,建议在作出陈述之前联系我们。可通过客户门户提交申请，或拨打“联系我们”页面所列电话。,Үйлчилгээний агуулга (чиглэл бүр)
services.catalog.criminal.faq.docs.question,Ямар баримт бүрдүүлэх шаардлагатай вэ?,Which documents do I need to prepare?,需要准备哪些材料？,Үйлчилгээний агуулга (чиглэл бүр)
services.catalog.criminal.faq.docs.answer,"Дуудах хуудас, мэдэгдэл, шийдвэр, хураагдсан эд зүйлийн жагсаалт, харилцсан бичиг баримт. Хэргийн материалтай бид өмгөөлөгчийн эрхийн хүрээнд танилцана.","The summons, notices, decisions, the list of seized items and any correspondence. We review the case file within the rights granted to defence counsel.",传唤通知、各类告知书与决定书、扣押物品清单及往来文件。案卷材料由我们在辩护人权利范围内查阅。,Үйлчилгээний агуулга (чиглэл бүр)
services.catalog.criminal.faq.fee.question,Төлбөр хэрхэн тооцогддог вэ?,How are fees calculated?,费用如何计算？,Үйлчилгээний агуулга (чиглэл бүр)
services.catalog.criminal.faq.fee.answer,"Төлбөрийг ажлын цар хүрээ, хугацаанаас хамааран гэрээгээр тогтооно. Анхан шатны уулзалтаар ажлын хүрээг тодорхойлж, төлбөрийн нөхцөлийг бичгээр тохиролцоно.",Fees depend on the scope and duration of the work and are agreed in the engagement contract. At the first meeting we define the scope of work and set out the fee terms in writing.,费用依据工作范围与期限，在委托合同中约定。首次会面时确定工作范围，并以书面方式约定收费条件。,Үйлчилгээний агуулга (чиглэл бүр)
services.catalog.criminal.faq.duration.question,Хэрэг хэр удаж шийдэгддэг вэ?,How long does a case take?,案件通常多久审结？,Үйлчилгээний агуулга (чиглэл бүр)
services.catalog.criminal.faq.duration.answer,"Мөрдөн байцаалт хэргийн төрлөөс хамааран 1–12 сар, шүүхийн шат 1–4 сар үргэлжилдэг.","Depending on the type of case, the investigation takes 1–12 months and the court stage 1–4 months.",视案件类型，侦查阶段为 1–12 个月，法院审理阶段为 1–4 个月。,Үйлчилгээний агуулга (чиглэл бүр)
services.catalog.criminal.pricing.0.label,Анхан шатны уулзалт,First meeting,首次会面,Үйлчилгээний агуулга (чиглэл бүр)
services.catalog.criminal.pricing.0.value,Хүсэлт илгээснээр,On request,提交申请后安排,Үйлчилгээний агуулга (чиглэл бүр)
services.catalog.criminal.pricing.1.label,Мэдүүлэг өгөхөд оролцох,Attendance while a statement is taken,陈述时陪同在场,Үйлчилгээний агуулга (чиглэл бүр)
services.catalog.criminal.pricing.1.value,Гэрээгээр,By contract,按合同约定,Үйлчилгээний агуулга (чиглэл бүр)
services.catalog.criminal.pricing.2.label,Өмгөөлөл,Criminal defence,刑事辩护,Үйлчилгээний агуулга (чиглэл бүр)
services.catalog.criminal.pricing.2.value,Гэрээгээр,By contract,按合同约定,Үйлчилгээний агуулга (чиглэл бүр)
services.catalog.family.title,Гэр бүлийн эрх зүй,Family law,家事法律,Үйлчилгээний агуулга (чиглэл бүр)
services.catalog.family.teaser,"Гэрлэлт цуцлах, хүүхдийн тэтгэлэг, асран хамгаалалт, хамтран өмчлөх хөрөнгийн хуваарилалт.","Divorce, child maintenance, custody and division of jointly owned property.",离婚、子女抚养费、监护以及共同财产分割。,Үйлчилгээний агуулга (чиглэл бүр)
services.catalog.family.short,"Гэрлэлт цуцлах, тэтгэлэг, асран хамгаалалт, өмч хуваарилалт.","Divorce, maintenance, custody, division of property.",离婚、抚养费、监护、财产分割。,Үйлчилгээний агуулга (чиглэл бүр)
services.catalog.family.highlights.0,Гэрлэлт цуцлуулах,Divorce proceedings,办理离婚,Үйлчилгээний агуулга (чиглэл бүр)
services.catalog.family.highlights.1,Хүүхдийн тэтгэлэг тогтоох,Setting child maintenance,确定子女抚养费,Үйлчилгээний агуулга (чиглэл бүр)
services.catalog.family.highlights.2,Эвлэрүүлэн зуучлал,Mediation,调解,Үйлчилгээний агуулга (чиглэл бүр)
services.catalog.family.intro,"Гэрлэлт цуцлах, хүүхдийн асрамж, тэтгэлэг, эд хөрөнгө хуваах асуудлыг хүүхдийн эрх ашгийг тэргүүнд тавьж, нууцлалтайгаар шийдвэрлэхэд тусална.","We help resolve divorce, custody, maintenance and division of property confidentially, putting the interests of the child first.",我们以子女利益优先为原则，在保密的前提下协助处理离婚、监护、抚养费及财产分割事宜。,Үйлчилгээний агуулга (чиглэл бүр)
services.catalog.family.body.0,"Гэр бүлийн маргаан нь хууль зүйн төдийгүй сэтгэл зүйн хүнд асуудал. Бид талуудыг эхлээд эвлэрүүлэн зуучлах замаар тохиролцоонд хүргэхийг зорьж, шаардлагатай бол шүүхэд төлөөлдөг.","Family disputes are difficult emotionally as well as legally. We first seek agreement between the parties through mediation and, where necessary, represent you in court.",家事纠纷不仅是法律问题，也带来心理压力。我们首先通过调解促成双方达成一致，必要时代理出庭。,Үйлчилгээний агуулга (чиглэл бүр)
services.catalog.family.body.1,"Хүүхэдтэй холбоотой асуудалд шүүх хүүхдийн эрх ашгийг тэргүүнд тавьдаг тул асрамж, тэтгэлгийн саналаа бодитой, нотолгоотой бэлтгэх нь чухал.","In matters involving children the court puts the child's interests first, so custody and maintenance proposals must be realistic and supported by evidence.",涉及子女的事项，法院以子女利益优先，因此监护与抚养费方案须切合实际并有证据支持。,Үйлчилгээний агуулга (чиглэл бүр)
services.catalog.family.items.0,"Гэрлэлт цуцлуулах нэхэмжлэл, тохиролцоо",Divorce claims and settlement agreements,离婚请求与和解协议,Үйлчилгээний агуулга (чиглэл бүр)
services.catalog.family.items.1,"Хүүхдийн асрамж, тэтгэлэг тогтоолгох",Establishing custody and child maintenance,确定子女监护与抚养费,Үйлчилгээний агуулга (чиглэл бүр)
services.catalog.family.items.2,Хамтран өмчлөх эд хөрөнгө хуваах,Division of jointly owned property,共同财产分割,Үйлчилгээний агуулга (чиглэл бүр)
services.catalog.family.items.3,"Үрчлэлт, асран хамгаалагч тогтоох",Adoption and appointment of a guardian,收养与指定监护人,Үйлчилгээний агуулга (чиглэл бүр)
services.catalog.family.items.4,Гэрлэлтийн гэрээ боловсруулах,Drafting prenuptial agreements,起草婚前协议,Үйлчилгээний агуулга (чиглэл бүр)
services.catalog.family.items.5,"Эвлэрүүлэн зуучлал, шүүхэд төлөөлөх",Mediation and court representation,调解与出庭代理,Үйлчилгээний агуулга (чиглэл бүр)
services.catalog.family.note.title,Анхаарах зүйл,Please note,特别提示,Үйлчилгээний агуулга (чиглэл бүр)
services.catalog.family.note.text,Хүүхдийн тэтгэлгийг нэхэмжлэл гаргасан өдрөөс тооцдог тул хойшлуулах бүрт тэтгэлэг алддаг. Тохиролцоонд хүрсэн ч нотариат эсвэл шүүхээр баталгаажуулахыг зөвлөж байна.,"Child maintenance is calculated from the day the claim is filed, so every delay costs maintenance. Even where the parties agree, we recommend having the agreement certified by a notary or confirmed by the court.",子女抚养费自提出请求之日起计算，拖延即意味着损失。即便双方达成一致，也建议经公证或法院确认。,Үйлчилгээний агуулга (чиглэл бүр)
services.catalog.family.faq.when.question,Гэрлэлт цуцлах хэр удаж шийдэгддэг вэ?,How long does a divorce take?,离婚通常需要多长时间？,Үйлчилгээний агуулга (чиглэл бүр)
services.catalog.family.faq.when.answer,"Талууд тохиролцсон, насанд хүрээгүй хүүхэдгүй бол улсын бүртгэлээр 1 сарын дотор. Шүүхээр цуцлах тохиолдолд 2–4 сар, эвлэрүүлэх хугацаа тогтоовол 3 сар хүртэл нэмэгдэнэ.","Where the parties agree and there are no minor children, registration takes up to 1 month. A divorce through the courts takes 2–4 months, and up to 3 months more if a reconciliation period is set.",双方达成一致且无未成年子女的，登记办理约 1 个月。经法院判决离婚的为 2–4 个月；若确定和好期，还需增加最多 3 个月。,Үйлчилгээний агуулга (чиглэл бүр)
services.catalog.family.faq.docs.question,Ямар баримт бүрдүүлэх шаардлагатай вэ?,Which documents do I need to prepare?,需要准备哪些材料？,Үйлчилгээний агуулга (чиглэл бүр)
services.catalog.family.faq.docs.answer,"Гэрлэлтийн гэрчилгээ, хүүхдийн төрсний гэрчилгээ, орлогын тодорхойлолт, эд хөрөнгийн бүртгэл, оршин суугаа хаягийн лавлагаа.","The marriage certificate, the children's birth certificates, proof of income, a record of the property and confirmation of residence.",结婚证、子女出生证明、收入证明、财产登记材料及居住地证明。,Үйлчилгээний агуулга (чиглэл бүр)
services.catalog.family.faq.fee.question,Төлбөр хэрхэн тооцогддог вэ?,How are fees calculated?,费用如何计算？,Үйлчилгээний агуулга (чиглэл бүр)
services.catalog.family.faq.fee.answer,"Төлбөрийг ажлын цар хүрээ, хугацаанаас хамааран гэрээгээр тогтооно. Анхан шатны уулзалтаар ажлын хүрээг тодорхойлж, төлбөрийн нөхцөлийг бичгээр тохиролцоно.",Fees depend on the scope and duration of the work and are agreed in the engagement contract. At the first meeting we define the scope of work and set out the fee terms in writing.,费用依据工作范围与期限，在委托合同中约定。首次会面时确定工作范围，并以书面方式约定收费条件。,Үйлчилгээний агуулга (чиглэл бүр)
services.catalog.family.faq.privacy.question,Нууцлалыг хэрхэн хангадаг вэ?,How is confidentiality maintained?,如何保障保密？,Үйлчилгээний агуулга (чиглэл бүр)
services.catalog.family.faq.privacy.answer,Хуульч-үйлчлүүлэгчийн нууцлалын зарчмыг чанд баримтална. Шаардлагатай бол шүүх хуралдааныг хаалттай явуулах хүсэлт гаргана.,"We observe lawyer–client confidentiality strictly. Where necessary, we apply for the hearing to be held in closed session.",我们严格遵守律师与委托人之间的保密义务。必要时申请不公开开庭审理。,Үйлчилгээний агуулга (чиглэл бүр)
services.catalog.family.pricing.0.label,Анхан шатны уулзалт,First meeting,首次会面,Үйлчилгээний агуулга (чиглэл бүр)
services.catalog.family.pricing.0.value,Хүсэлт илгээснээр,On request,提交申请后安排,Үйлчилгээний агуулга (чиглэл бүр)
services.catalog.family.pricing.1.label,"Баримт бичиг, дүгнэлт",Documents and legal opinions,文书与法律意见,Үйлчилгээний агуулга (чиглэл бүр)
services.catalog.family.pricing.1.value,Ажлын хүрээгээр,By scope of work,按工作范围,Үйлчилгээний агуулга (чиглэл бүр)
services.catalog.family.pricing.2.label,Шүүхэд төлөөлөх,Court representation,出庭代理,Үйлчилгээний агуулга (чиглэл бүр)
services.catalog.family.pricing.2.value,Гэрээгээр,By contract,按合同约定,Үйлчилгээний агуулга (чиглэл бүр)
services.catalog.business.title,Бизнесийн эрх зүй,Business law,商事法律,Үйлчилгээний агуулга (чиглэл бүр)
services.catalog.business.teaser,"Компани байгуулах, хувьцаа эзэмшигчийн гэрээ, нэгдэх/нийлэх, гэрээний эрсдэлийн дүгнэлт.","Company formation, shareholders' agreements, mergers and acquisitions, contract risk reviews.",公司设立、股东协议、并购重组、合同风险评估。,Үйлчилгээний агуулга (чиглэл бүр)
services.catalog.business.short,"Компани байгуулах, гэрээний эрсдэл, нэгдэх/нийлэх ажиллагаа.","Company formation, contract risk, mergers and acquisitions.",公司设立、合同风险、并购重组。,Үйлчилгээний агуулга (чиглэл бүр)
services.catalog.business.highlights.0,"ААН бүртгэл, дүрэм",Company registration and charters,企业注册与章程,Үйлчилгээний агуулга (чиглэл бүр)
services.catalog.business.highlights.1,Хувьцаа эзэмшигчийн гэрээ,Shareholders' agreements,股东协议,Үйлчилгээний агуулга (чиглэл бүр)
services.catalog.business.highlights.2,Эрсдэлийн дүгнэлт (Due diligence),Due diligence,尽职调查,Үйлчилгээний агуулга (чиглэл бүр)
services.catalog.business.intro,"Аж ахуйн нэгжийг үүсгэн байгуулахаас нэгдэх, нийлэх хүртэл бүх шатанд эрх зүйн зөвлөгөө өгч, эрсдэлийг урьдчилан илрүүлнэ.","We advise at every stage, from incorporating a company to mergers and acquisitions, and identify the legal risks in advance.",从公司设立到并购重组，我们在各个阶段提供法律咨询，并提前识别风险。,Үйлчилгээний агуулга (чиглэл бүр)
services.catalog.business.body.0,"Бизнесийн маргааны ихэнх нь гэрээ, дүрмийн тодорхой бус заалтаас үүсдэг. Тиймээс бид баримт бичгийг эхнээс нь эрсдэлгүй, хэрэгжих боломжтой байдлаар боловсруулахад анхаардаг.",Most business disputes arise from unclear provisions in contracts and company charters. We therefore draft documents from the outset so that they are workable and free of avoidable risk.,多数商事纠纷源于合同与章程条款不明确。因此我们在起草文件时，力求条款可执行且不留隐患。,Үйлчилгээний агуулга (чиглэл бүр)
services.catalog.business.body.1,"Хөрөнгө оруулалт, нэгдэх нийлэх ажиллагааны өмнө эрх зүйн дүгнэлт (due diligence) хийснээр далд өр, маргаан, зөвшөөрлийн дутагдлыг урьдчилан илрүүлнэ.","Legal due diligence carried out before an investment or an acquisition brings hidden debts, disputes and missing permits to light in advance.",在投资或并购之前开展法律尽职调查，可提前发现隐性债务、潜在纠纷与许可缺失。,Үйлчилгээний агуулга (чиглэл бүр)
services.catalog.business.items.0,"Компани байгуулах, өөрчлөн байгуулах, дүрэм боловсруулах","Incorporating and restructuring companies, drafting charters",公司设立、改组及章程起草,Үйлчилгээний агуулга (чиглэл бүр)
services.catalog.business.items.1,"Хувьцаа эзэмшигчдийн гэрээ, хамтын ажиллагааны гэрээ",Shareholders' agreements and cooperation agreements,股东协议与合作协议,Үйлчилгээний агуулга (чиглэл бүр)
services.catalog.business.items.2,"Хөрөнгө оруулалт, нэгдэх, нийлэх ажиллагаа (M&A)","Investments, mergers and acquisitions (M&A)",投资与并购（M&A）,Үйлчилгээний агуулга (чиглэл бүр)
services.catalog.business.items.3,Эрсдэлийн дүгнэлт (due diligence),Legal due diligence,法律尽职调查,Үйлчилгээний агуулга (чиглэл бүр)
services.catalog.business.items.4,"Оюуны өмч, барааны тэмдгийн хамгаалалт",Protection of intellectual property and trademarks,知识产权与商标保护,Үйлчилгээний агуулга (чиглэл бүр)
services.catalog.business.items.5,"Бизнесийн маргаанд арбитр, шүүхэд төлөөлөх",Representation in arbitration and in court in commercial disputes,商事纠纷的仲裁与诉讼代理,Үйлчилгээний агуулга (чиглэл бүр)
services.catalog.business.note.title,Анхаарах зүйл,Please note,特别提示,Үйлчилгээний агуулга (чиглэл бүр)
services.catalog.business.note.text,"Компанийн дүрэм, хувьцаа эзэмшигчдийн бүртгэлд орсон өөрчлөлтийг 15 хоногийн дотор улсын бүртгэлд бүртгүүлэх үүрэгтэй. Хугацаа хэтэрвэл торгууль ногдуулна.",Changes to a company's charter or to its register of shareholders must be filed with the state registry within 15 days. Late filing carries a fine.,公司章程及股东名册的变更须在 15 日内办理国家登记，逾期将被处以罚款。,Үйлчилгээний агуулга (чиглэл бүр)
services.catalog.business.faq.monthly.question,Байнгын хууль зүйн дэмжлэг авч болох уу?,Can we retain you for ongoing legal support?,可以聘请常年法律顾问吗？,Үйлчилгээний агуулга (чиглэл бүр)
services.catalog.business.faq.monthly.answer,"Болно. Сар бүрийн гэрээгээр гэрээ хянах, зөвлөгөө өгөх, дотоод журам боловсруулах үйлчилгээг тогтмол авах боломжтой.","Yes. Under a monthly retainer you receive regular contract review, advice and help in drafting internal policies.",可以。通过月度顾问合同，您可持续获得合同审查、法律咨询及内部制度起草服务。,Үйлчилгээний агуулга (чиглэл бүр)
services.catalog.business.faq.docs.question,Ямар баримт бүрдүүлэх шаардлагатай вэ?,Which documents do I need to prepare?,需要准备哪些材料？,Үйлчилгээний агуулга (чиглэл бүр)
services.catalog.business.faq.docs.answer,"Улсын бүртгэлийн гэрчилгээ, дүрэм, хувьцаа эзэмшигчдийн бүртгэл, үндсэн гэрээнүүд, санхүүгийн тайлан, тусгай зөвшөөрлүүд.","The certificate of state registration, the charter, the register of shareholders, the principal contracts, financial statements and any special permits.",国家登记证书、公司章程、股东名册、主要合同、财务报表及各类特别许可。,Үйлчилгээний агуулга (чиглэл бүр)
services.catalog.business.faq.fee.question,Төлбөр хэрхэн тооцогддог вэ?,How are fees calculated?,费用如何计算？,Үйлчилгээний агуулга (чиглэл бүр)
services.catalog.business.faq.fee.answer,"Төлбөрийг ажлын цар хүрээ, хугацаанаас хамааран гэрээгээр тогтооно. Анхан шатны уулзалтаар ажлын хүрээг тодорхойлж, төлбөрийн нөхцөлийг бичгээр тохиролцоно.",Fees depend on the scope and duration of the work and are agreed in the engagement contract. At the first meeting we define the scope of work and set out the fee terms in writing.,费用依据工作范围与期限，在委托合同中约定。首次会面时确定工作范围，并以书面方式约定收费条件。,Үйлчилгээний агуулга (чиглэл бүр)
services.catalog.business.faq.duration.question,Due diligence хэр удаж хийгддэг вэ?,How long does due diligence take?,尽职调查需要多长时间？,Үйлчилгээний агуулга (чиглэл бүр)
services.catalog.business.faq.duration.answer,Компанийн хэмжээнээс хамааран 2–6 долоо хоног. Урьдчилсан дүгнэлтийг 1 долоо хоногийн дотор танилцуулна.,"Two to six weeks, depending on the size of the company. We present preliminary findings within a week.",视公司规模，一般为 2–6 周。初步结论在一周内向您汇报。,Үйлчилгээний агуулга (чиглэл бүр)
services.catalog.business.pricing.0.label,Анхан шатны уулзалт,First meeting,首次会面,Үйлчилгээний агуулга (чиглэл бүр)
services.catalog.business.pricing.0.value,Хүсэлт илгээснээр,On request,提交申请后安排,Үйлчилгээний агуулга (чиглэл бүр)
services.catalog.business.pricing.1.label,"Гэрээ, дүгнэлт боловсруулах",Drafting contracts and opinions,起草合同与法律意见,Үйлчилгээний агуулга (чиглэл бүр)
services.catalog.business.pricing.1.value,Ажлын хүрээгээр,By scope of work,按工作范围,Үйлчилгээний агуулга (чиглэл бүр)
services.catalog.business.pricing.2.label,Байнгын дэмжлэг,Ongoing support,常年法律顾问,Үйлчилгээний агуулга (чиглэл бүр)
services.catalog.business.pricing.2.value,Сарын гэрээгээр,Monthly retainer,按月度合同,Үйлчилгээний агуулга (чиглэл бүр)
services.catalog.labor.title,Хөдөлмөрийн эрх зүй,Employment law,劳动法律,Үйлчилгээний агуулга (чиглэл бүр)
services.catalog.labor.teaser,"Хөдөлмөрийн гэрээ, ажлаас халах маргаан, хөдөлмөрийн аюулгүй байдлын зөрчил.","Employment contracts, dismissal disputes and occupational safety violations.",劳动合同、解雇纠纷及劳动安全违规。,Үйлчилгээний агуулга (чиглэл бүр)
services.catalog.labor.short,"Гэрээ, халах маргаан, аюулгүй байдлын зөрчил.","Contracts, dismissal disputes, safety violations.",劳动合同、解雇纠纷、安全违规。,Үйлчилгээний агуулга (чиглэл бүр)
services.catalog.labor.highlights.0,Хөдөлмөрийн дотоод журам,Internal labour rules,内部劳动制度,Үйлчилгээний агуулга (чиглэл бүр)
services.catalog.labor.highlights.1,Ажлаас халах маргаан,Dismissal disputes,解雇纠纷,Үйлчилгээний агуулга (чиглэл бүр)
services.catalog.labor.highlights.2,Хамтын гэрээ,Collective agreements,集体合同,Үйлчилгээний агуулга (чиглэл бүр)
services.catalog.labor.intro,"Ажилтан, ажил олгогчийн хоорондын харилцаанд үүсэх маргааныг хууль зүйн үндэслэлтэйгээр, аль болох богино хугацаанд шийдвэрлэхэд тусална.",We help resolve disputes between employees and employers on solid legal grounds and as quickly as possible.,我们协助依法、尽快解决劳动者与用人单位之间的纠纷。,Үйлчилгээний агуулга (чиглэл бүр)
services.catalog.labor.body.0,Хөдөлмөрийн маргаан ихэвчлэн нотлох баримтын асуудлаар шийдэгддэг. Тиймээс бид эхний уулзалтаас эхлэн ямар баримт бүрдүүлэх шаардлагатайг тодорхой жагсаан өгдөг.,"Employment disputes usually turn on the evidence. That is why, from the first meeting, we give you a clear list of the documents you need to gather.",劳动纠纷通常取决于证据。因此我们从首次会面起，就明确列出您需要准备的材料清单。,Үйлчилгээний агуулга (чиглэл бүр)
services.catalog.labor.body.1,Ажлаас халагдсан тохиолдолд Хөдөлмөрийн тухай хуулийн дагуу гомдол гаргах хугацаа хязгаартай байдаг тул аль болох эрт хандахыг зөвлөж байна.,"After a dismissal the time limit for filing a complaint under the Labour Law is short, so we recommend seeking advice as early as possible.",被解雇后，依《劳动法》提出申诉的期限较短，建议尽早咨询。,Үйлчилгээний агуулга (чиглэл бүр)
services.catalog.labor.items.0,"Хөдөлмөрийн гэрээ, дотоод журам боловсруулах, хянах",Drafting and reviewing employment contracts and internal rules,起草与审查劳动合同及内部制度,Үйлчилгээний агуулга (чиглэл бүр)
services.catalog.labor.items.1,"Ажлаас үндэслэлгүй халсан тухай гомдол, нэхэмжлэл бэлтгэх",Preparing complaints and claims over unjustified dismissal,就无正当理由解雇提出申诉与请求,Үйлчилгээний агуулга (чиглэл бүр)
services.catalog.labor.items.2,"Нөхөн олговор, цалин хөлсний зөрүү тооцох",Calculating compensation and unpaid wages,计算补偿金与工资差额,Үйлчилгээний агуулга (чиглэл бүр)
services.catalog.labor.items.3,Хөдөлмөрийн аюулгүй байдлын зөрчлөөр нэхэмжлэл гаргах,Claims over occupational safety violations,就劳动安全违规提出请求,Үйлчилгээний агуулга (чиглэл бүр)
services.catalog.labor.items.4,"Хамтын гэрээ, үйлдвэрчний эвлэлтэй харилцах",Collective agreements and dealings with trade unions,集体合同及与工会的沟通,Үйлчилгээний агуулга (чиглэл бүр)
services.catalog.labor.items.5,"Хөдөлмөрийн маргаан таслах комисс, шүүхэд төлөөлөх",Representation before the labour dispute commission and the courts,劳动争议调解委员会及法院代理,Үйлчилгээний агуулга (чиглэл бүр)
services.catalog.labor.note.title,Анхаарах зүйл,Please note,特别提示,Үйлчилгээний агуулга (чиглэл бүр)
services.catalog.labor.note.text,Ажлаас халагдсан тухай шийдвэрийг хүлээн авснаас хойш 1 сарын дотор хөдөлмөрийн маргаан таслах комисст гомдол гаргах эрхтэй. Хугацаа хэтэрсэн тохиолдолд сэргээх боломж хязгаарлагдмал.,"You may file a complaint with the labour dispute settlement commission within 1 month of receiving the dismissal decision. Once that period expires, reinstatement becomes difficult.",自收到解雇决定之日起 1 个月内，可向劳动争议调解委员会提出申诉。逾期后恢复工作的可能性有限。,Үйлчилгээний агуулга (чиглэл бүр)
services.catalog.labor.faq.when.question,Ажлаас халагдсан бол хэдий хугацаанд хандах ёстой вэ?,I have been dismissed — how soon should I act?,被解雇后应在多长时间内提出申诉？,Үйлчилгээний агуулга (чиглэл бүр)
services.catalog.labor.faq.when.answer,Шийдвэрийг хүлээн авснаас хойш 1 сарын дотор хөдөлмөрийн маргаан таслах комисст хандана. Комиссын шийдвэрийг эс зөвшөөрвөл 14 хоногийн дотор шүүхэд гомдол гаргана.,"File a complaint with the labour dispute settlement commission within 1 month of receiving the decision. If you disagree with the commission's decision, you may go to court within 14 days.",自收到决定之日起 1 个月内向劳动争议调解委员会提出。对委员会决定不服的，可在 14 日内向法院起诉。,Үйлчилгээний агуулга (чиглэл бүр)
services.catalog.labor.faq.docs.question,Ямар баримт бүрдүүлэх шаардлагатай вэ?,Which documents do I need to prepare?,需要准备哪些材料？,Үйлчилгээний агуулга (чиглэл бүр)
services.catalog.labor.faq.docs.answer,"Хөдөлмөрийн гэрээ, ажлаас халах тушаал, цалингийн тодорхойлолт, дотоод журам, ажил олгогчтой харилцсан бичиг, мессеж болон гэрчийн мэдээлэл.","The employment contract, the dismissal order, proof of salary, internal rules, correspondence and messages with the employer, and witness details.",劳动合同、解雇令、工资证明、内部制度、与用人单位的往来文件与消息记录及证人信息。,Үйлчилгээний агуулга (чиглэл бүр)
services.catalog.labor.faq.fee.question,Төлбөр хэрхэн тооцогддог вэ?,How are fees calculated?,费用如何计算？,Үйлчилгээний агуулга (чиглэл бүр)
services.catalog.labor.faq.fee.answer,"Төлбөрийг ажлын цар хүрээ, хугацаанаас хамааран гэрээгээр тогтооно. Анхан шатны уулзалтаар ажлын хүрээг тодорхойлж, төлбөрийн нөхцөлийг бичгээр тохиролцоно.",Fees depend on the scope and duration of the work and are agreed in the engagement contract. At the first meeting we define the scope of work and set out the fee terms in writing.,费用依据工作范围与期限，在委托合同中约定。首次会面时确定工作范围，并以书面方式约定收费条件。,Үйлчилгээний агуулга (чиглэл бүр)
services.catalog.labor.faq.duration.question,Хэрэг хэр удаж шийдэгддэг вэ?,How long does a case take?,案件通常多久解决？,Үйлчилгээний агуулга (чиглэл бүр)
services.catalog.labor.faq.duration.answer,Хөдөлмөрийн маргаан таслах комисс гомдлыг 30 хоногийн дотор шийдвэрлэдэг. Шүүхийн шатанд 2–4 сар үргэлжилнэ.,The labour dispute settlement commission decides within 30 days. Court proceedings take 2–4 months.,劳动争议调解委员会在 30 日内作出决定，法院阶段为 2–4 个月。,Үйлчилгээний агуулга (чиглэл бүр)
services.catalog.labor.pricing.0.label,Анхан шатны уулзалт,First meeting,首次会面,Үйлчилгээний агуулга (чиглэл бүр)
services.catalog.labor.pricing.0.value,Хүсэлт илгээснээр,On request,提交申请后安排,Үйлчилгээний агуулга (чиглэл бүр)
services.catalog.labor.pricing.1.label,"Баримт бичиг, дүгнэлт",Documents and legal opinions,文书与法律意见,Үйлчилгээний агуулга (чиглэл бүр)
services.catalog.labor.pricing.1.value,Ажлын хүрээгээр,By scope of work,按工作范围,Үйлчилгээний агуулга (чиглэл бүр)
services.catalog.labor.pricing.2.label,Шүүхэд төлөөлөх,Court representation,出庭代理,Үйлчилгээний агуулга (чиглэл бүр)
services.catalog.labor.pricing.2.value,Гэрээгээр,By contract,按合同约定,Үйлчилгээний агуулга (чиглэл бүр)
services.catalog.real-estate.title,Үл хөдлөх хөрөнгө,Real estate,不动产,Үйлчилгээний агуулга (чиглэл бүр)
services.catalog.real-estate.teaser,"Худалдах-худалдан авах гэрээ, барьцаа, түрээс, газрын эрхийн бүртгэл.","Sale and purchase agreements, mortgages, leases and registration of land rights.",买卖合同、抵押、租赁及土地权利登记。,Үйлчилгээний агуулга (чиглэл бүр)
services.catalog.real-estate.short,"Худалдах-худалдан авах, барьцаа, түрээс, газрын эрх.","Sale and purchase, mortgages, leases, land rights.",买卖、抵押、租赁、土地权利。,Үйлчилгээний агуулга (чиглэл бүр)
services.catalog.real-estate.highlights.0,Худалдах гэрээ хянах,Reviewing sale agreements,审查买卖合同,Үйлчилгээний агуулга (чиглэл бүр)
services.catalog.real-estate.highlights.1,Барьцааны гэрээ,Mortgage agreements,抵押合同,Үйлчилгээний агуулга (чиглэл бүр)
services.catalog.real-estate.highlights.2,"Газар өмчлөх, эзэмших эрх",Land ownership and possession rights,土地所有与占有权,Үйлчилгээний агуулга (чиглэл бүр)
services.catalog.real-estate.intro,"Үл хөдлөх хөрөнгийн худалдах, худалдан авах, түрээс, барьцааны гүйлгээг эрсдэлгүй хийж, улсын бүртгэл, газрын эрхийн асуудлыг шийдвэрлэхэд тусална.","We make sure that property sales, purchases, leases and mortgages are carried out without risk, and handle state registration and land rights.",我们确保不动产的买卖、租赁与抵押交易安全无风险，并协助办理国家登记与土地权利事宜。,Үйлчилгээний агуулга (чиглэл бүр)
services.catalog.real-estate.body.0,"Үл хөдлөх хөрөнгийн гүйлгээ бол ихэнх хүний амьдралын хамгийн том хөрөнгө оруулалт. Гэрээ байгуулахаас өмнө эрхийн гэрчилгээ, барьцаа, хязгаарлалтыг шалгаснаар дийлэнх маргаанаас сэргийлж болно.","For most people a property transaction is the largest investment of their life. Checking the title certificate, any mortgage and any restrictions before signing prevents the great majority of disputes.",对多数人而言，不动产交易是一生中最大的投资。签约前核查权属证书、抵押及各类限制，可避免绝大部分纠纷。,Үйлчилгээний агуулга (чиглэл бүр)
services.catalog.real-estate.body.1,"Бид гэрээний төслийг талуудын эрх ашгийг хамгаалсан байдлаар боловсруулж, нотариатаас улсын бүртгэл хүртэл бүх шатанд хамт ажилладаг.","We draft the agreement so that it protects your interests, and stay with you at every stage, from the notary to the state registry.",我们按照保护当事人利益的原则起草合同，并从公证到国家登记的各个环节全程陪同。,Үйлчилгээний агуулга (чиглэл бүр)
services.catalog.real-estate.items.0,"Худалдах, худалдан авах гэрээ боловсруулах, хянах",Drafting and reviewing sale and purchase agreements,起草与审查买卖合同,Үйлчилгээний агуулга (чиглэл бүр)
services.catalog.real-estate.items.1,"Эрхийн гэрчилгээ, барьцаа, хязгаарлалтын шалгалт","Checking title certificates, mortgages and restrictions",核查权属证书、抵押与限制登记,Үйлчилгээний агуулга (чиглэл бүр)
services.catalog.real-estate.items.2,"Барьцаа, ипотекийн гэрээ",Mortgage and pledge agreements,抵押与质押合同,Үйлчилгээний агуулга (чиглэл бүр)
services.catalog.real-estate.items.3,"Түрээсийн гэрээ, түрээсийн маргаан",Lease agreements and lease disputes,租赁合同与租赁纠纷,Үйлчилгээний агуулга (чиглэл бүр)
services.catalog.real-estate.items.4,"Газар өмчлөх, эзэмших, ашиглах эрх","Rights to own, possess and use land",土地的所有、占有与使用权,Үйлчилгээний агуулга (чиглэл бүр)
services.catalog.real-estate.items.5,"Барилга, хамтран өмчлөх маргаанд шүүхэд төлөөлөх",Court representation in construction and co-ownership disputes,建设工程与共有纠纷的诉讼代理,Үйлчилгээний агуулга (чиглэл бүр)
services.catalog.real-estate.note.title,Анхаарах зүйл,Please note,特别提示,Үйлчилгээний агуулга (чиглэл бүр)
services.catalog.real-estate.note.text,Үл хөдлөх хөрөнгийн өмчлөх эрх улсын бүртгэлд бүртгүүлснээр л шилжинэ. Гэрээ байгуулж төлбөр төлсөн ч бүртгэлгүй бол эрх баталгаажаагүй гэж үзнэ.,"Ownership of real estate passes only upon entry in the state register. Even if the contract is signed and the price paid, the right is not secured until it is registered.",不动产所有权自国家登记之日起转移。即使已签订合同并支付价款，未办理登记的，权利仍不受保障。,Үйлчилгээний агуулга (чиглэл бүр)
services.catalog.real-estate.faq.check.question,Худалдан авахаас өмнө юуг шалгах ёстой вэ?,What should I check before buying?,购买前应核查哪些内容？,Үйлчилгээний агуулга (чиглэл бүр)
services.catalog.real-estate.faq.check.answer,"Эрхийн гэрчилгээ, өмчлөгчийн мэдээлэл, барьцаа болон битүүмжлэлийн бүртгэл, хамтран өмчлөгчийн зөвшөөрөл, газрын эрхийн хугацаа. Бид энэ шалгалтыг 3 ажлын өдөрт хийдэг.","The title certificate, the owner's details, the register of mortgages and attachments, the consent of any co-owner, and the term of the land right. We complete this check within 3 working days.",权属证书、所有权人信息、抵押与查封登记、共有人同意以及土地权利期限。该项核查我们在 3 个工作日内完成。,Үйлчилгээний агуулга (чиглэл бүр)
services.catalog.real-estate.faq.docs.question,Ямар баримт бүрдүүлэх шаардлагатай вэ?,Which documents do I need to prepare?,需要准备哪些材料？,Үйлчилгээний агуулга (чиглэл бүр)
services.catalog.real-estate.faq.docs.answer,"Эрхийн гэрчилгээ, газрын гэрчилгээ, кадастрын зураг, гэр бүлийн гишүүдийн зөвшөөрөл, төлбөрийн баримт, түрээс эсвэл барьцааны гэрээ.","The title certificate, the land certificate, the cadastral plan, the consent of family members, payment records and any lease or mortgage agreement.",权属证书、土地证书、地籍图、家庭成员同意书、付款凭证以及租赁或抵押合同。,Үйлчилгээний агуулга (чиглэл бүр)
services.catalog.real-estate.faq.fee.question,Төлбөр хэрхэн тооцогддог вэ?,How are fees calculated?,费用如何计算？,Үйлчилгээний агуулга (чиглэл бүр)
services.catalog.real-estate.faq.fee.answer,"Төлбөрийг ажлын цар хүрээ, хугацаанаас хамааран гэрээгээр тогтооно. Анхан шатны уулзалтаар ажлын хүрээг тодорхойлж, төлбөрийн нөхцөлийг бичгээр тохиролцоно.",Fees depend on the scope and duration of the work and are agreed in the engagement contract. At the first meeting we define the scope of work and set out the fee terms in writing.,费用依据工作范围与期限，在委托合同中约定。首次会面时确定工作范围，并以书面方式约定收费条件。,Үйлчилгээний агуулга (чиглэл бүр)
services.catalog.real-estate.faq.duration.question,Улсын бүртгэл хэр удаж хийгддэг вэ?,How long does state registration take?,国家登记需要多长时间？,Үйлчилгээний агуулга (чиглэл бүр)
services.catalog.real-estate.faq.duration.answer,Бүрэн баримттай бол өмчлөх эрхийн шилжилтийг 3–7 ажлын өдөрт бүртгэнэ. Газрын эрхийн өөрчлөлт 14–30 хоног шаардагдана.,"With complete documents, a transfer of ownership is registered within 3–7 working days. Changes to land rights take 14–30 days.",材料齐全的，所有权转移登记在 3–7 个工作日内完成；土地权利变更需 14–30 日。,Үйлчилгээний агуулга (чиглэл бүр)
services.catalog.real-estate.pricing.0.label,Анхан шатны уулзалт,First meeting,首次会面,Үйлчилгээний агуулга (чиглэл бүр)
services.catalog.real-estate.pricing.0.value,Хүсэлт илгээснээр,On request,提交申请后安排,Үйлчилгээний агуулга (чиглэл бүр)
services.catalog.real-estate.pricing.1.label,Хөрөнгийн шалгалт,Property check,不动产核查,Үйлчилгээний агуулга (чиглэл бүр)
services.catalog.real-estate.pricing.1.value,Ажлын хүрээгээр,By scope of work,按工作范围,Үйлчилгээний агуулга (чиглэл бүр)
services.catalog.real-estate.pricing.2.label,Шүүхэд төлөөлөх,Court representation,出庭代理,Үйлчилгээний агуулга (чиглэл бүр)
services.catalog.real-estate.pricing.2.value,Гэрээгээр,By contract,按合同约定,Үйлчилгээний агуулга (чиглэл бүр)
services.process.0.title,Анхан шатны уулзалт,First meeting,首次会面,Үйлчилгээний агуулга (чиглэл бүр)
services.process.0.text,"Асуудлын мөн чанар, эрх зүйн боломжийг тодруулна.",We clarify the nature of the issue and the legal options.,厘清问题实质与法律途径。,Үйлчилгээний агуулга (чиглэл бүр)
services.process.1.title,Эрх зүйн дүгнэлт,Legal assessment,法律评估,Үйлчилгээний агуулга (чиглэл бүр)
services.process.1.text,"Боломжит хувилбар, эрсдэл, хугацааг бичгээр танилцуулна.","We present the possible routes, the risks and the timeline in writing.",以书面方式说明可行方案、风险与期限。,Үйлчилгээний агуулга (чиглэл бүр)
services.process.2.title,Гэрээ байгуулах,Engagement contract,签订合同,Үйлчилгээний агуулга (чиглэл бүр)
services.process.2.text,"Ажлын хамрах хүрээ, төлбөрийн бүтцийг тодорхой заана.",The scope of work and the fee structure are set out clearly.,明确约定工作范围与收费结构。,Үйлчилгээний агуулга (чиглэл бүр)
services.process.3.title,Хэрэг хөтлөх,Handling the matter,办理案件,Үйлчилгээний агуулга (чиглэл бүр)
services.process.3.text,Явцыг порталаар тогтмол хянах боломжтой.,You can follow the progress at any time in the portal.,可随时通过客户门户查看进展。,Үйлчилгээний агуулга (чиглэл бүр)
services.commitments.firstConsultation,Анхан шатны зөвлөгөө,First consultation,首次咨询,Үйлчилгээний агуулга (чиглэл бүр)
services.commitments.writtenOpinion,Бичгэн дүгнэлт,Written opinion,书面法律意见,Үйлчилгээний агуулга (чиглэл бүр)
services.commitments.assetCheck,Хөрөнгийн шалгалт,Property check,不动产核查,Үйлчилгээний агуулга (чиглэл бүр)
services.commitments.urgentResponse,Яаралтай оролцоо,Urgent assistance,紧急协助,Үйлчилгээний агуулга (чиглэл бүр)
faq.categories.general.label,Ерөнхий асуулт,General questions,一般问题,"Түгээмэл асуулт — асуулт, хариулт"
faq.categories.general.shortLabel,Ерөнхий,General,一般,"Түгээмэл асуулт — асуулт, хариулт"
faq.categories.payment.label,"Төлбөр, гэрээ",Fees and contracts,费用与合同,"Түгээмэл асуулт — асуулт, хариулт"
faq.categories.payment.shortLabel,Төлбөр,Fees,费用,"Түгээмэл асуулт — асуулт, хариулт"
faq.categories.labor.label,Хөдөлмөрийн эрх зүй,Employment law,劳动法律,"Түгээмэл асуулт — асуулт, хариулт"
faq.categories.labor.shortLabel,Хөдөлмөр,Employment,劳动,"Түгээмэл асуулт — асуулт, хариулт"
faq.categories.family.label,Гэр бүлийн эрх зүй,Family law,家事法律,"Түгээмэл асуулт — асуулт, хариулт"
faq.categories.family.shortLabel,Гэр бүл,Family,家事,"Түгээмэл асуулт — асуулт, хариулт"
faq.categories.criminal.label,Эрүүгийн хэрэг,Criminal matters,刑事案件,"Түгээмэл асуулт — асуулт, хариулт"
faq.categories.criminal.shortLabel,Эрүүгийн,Criminal,刑事,"Түгээмэл асуулт — асуулт, хариулт"
faq.categories.portal.label,Харилцагчийн портал,Client portal,客户门户,"Түгээмэл асуулт — асуулт, хариулт"
faq.categories.portal.shortLabel,Портал,Portal,门户,"Түгээмэл асуулт — асуулт, хариулт"
faq.items.first-consult.question,Анхан шатны уулзалт хэрхэн явагддаг вэ?,How does the first meeting work?,首次会面如何进行？,"Түгээмэл асуулт — асуулт, хариулт"
faq.items.first-consult.answer,"Хүсэлтээ илгээсний дараа асуудлын төрлийг тодруулж, уулзалт товлоно. Уулзалтаар асуудлын мөн чанар, эрх зүйн боломж, дараагийн алхмыг тайлбарлана. Ажлын хүрээ тодорхой болсны дараа төлбөрийн нөхцөлийг бичгээр тохиролцоно.","After you send a request we clarify the type of matter and arrange a meeting. At the meeting we explain the substance of the issue, the legal options and the next steps. Once the scope of work is clear, the fee terms are agreed in writing.",提交申请后，我们确认问题类型并安排会面。会面时说明问题实质、法律途径与下一步安排。工作范围明确后，以书面方式约定收费条件。,"Түгээмэл асуулт — асуулт, хариулт"
faq.items.bring-documents.question,Уулзалтад ямар баримт авчрах вэ?,What should I bring to the meeting?,会面时需要带哪些材料？,"Түгээмэл асуулт — асуулт, хариулт"
faq.items.bring-documents.answer,"Асуудалтай холбоотой бүх бичиг баримт — гэрээ, мэдэгдэл, захидал харилцаа, шүүхийн мэдэгдэх хуудас зэргийг авчирна уу. Эх хувь байх шаардлагагүй, хуулбар болон гар утасны зураг ч болно.","Bring every document related to the matter — contracts, notices, correspondence, court summonses. Originals are not required; copies or photos taken on your phone are fine.",请携带与问题相关的全部文件——合同、通知、往来函件、法院传票等。无需原件，复印件或手机拍照件均可。,"Түгээмэл асуулт — асуулт, хариулт"
faq.items.track-case.question,Хэргийн явцыг хэрхэн хянах вэ?,How can I follow the progress of my case?,如何查看案件进展？,"Түгээмэл асуулт — асуулт, хариулт"
faq.items.track-case.answer,"Харилцагчийн порталд нэвтэрснээр хэргийн явц, шүүх хурлын тов, баримт бичиг, нэхэмжлэх, мэдэгдлээ бодит цагийн горимд харна. Портал руу нэвтрэх мэдээллийг гэрээ байгуулахад олгоно.","Once you sign in to the client portal you can see the progress of the case, hearing dates, documents, invoices and notifications in real time. Your sign-in details are issued when the engagement contract is concluded.",登录客户门户后，可实时查看案件进展、开庭时间、文件、账单与通知。门户的登录信息在签订合同时提供。,"Түгээмэл асуулт — асуулт, хариулт"
faq.items.fees.question,Төлбөр хэрхэн тооцогддог вэ?,How are fees calculated?,费用如何计算？,"Түгээмэл асуулт — асуулт, хариулт"
faq.items.fees.answer,"Хэргийн төрөл, цар хүрээ, шаардагдах цагаас хамааран цагийн үнэлгээгээр эсвэл тогтмол үнээр тооцож гэрээнд тусгана. Үнийн саналыг анхан шатны уулзалтын дараа бичгээр өгнө.","Depending on the type of matter, its scope and the time required, fees are charged at an hourly rate or as a fixed price and set out in the contract. We provide a written quote after the first meeting.",依据案件类型、工作范围与所需时间，按小时计费或按固定价格计费，并在合同中载明。首次会面后我们以书面形式提供报价。,"Түгээмэл асуулт — асуулт, хариулт"
faq.items.advance.question,Урьдчилгаа төлбөр байдаг уу?,Is an advance payment required?,是否需要支付预付款？,"Түгээмэл асуулт — асуулт, хариулт"
faq.items.advance.answer,Ихэнх хэрэгт гэрээ байгуулахад нийт төлбөрийн тодорхой хувийг урьдчилгаа болгон төлнө. Үлдэгдлийг гэрээнд заасан үе шат бүрээр нэхэмжилнэ.,In most matters a share of the total fee is paid in advance when the contract is signed. The balance is invoiced at the stages set out in the contract.,多数案件在签订合同时支付总费用的一定比例作为预付款，余款按合同约定的各阶段开具账单。,"Түгээмэл асуулт — асуулт, хариулт"
faq.items.invoices.question,Нэхэмжлэхээ хаанаас харах вэ?,Where can I see my invoices?,在哪里查看账单？,"Түгээмэл асуулт — асуулт, хариулт"
faq.items.invoices.answer,"Нэхэмжлэхийг харилцагчийн порталын «Нэхэмжлэх» хэсгээс харж, банкны шилжүүлгээр төлнө. Онлайн төлбөрийн систем удахгүй нэвтэрнэ.","Invoices appear in the ""Invoices"" section of the client portal and are paid by bank transfer. Online payment will be added soon.",账单显示在客户门户的“账单”栏目，通过银行转账支付。在线支付功能即将上线。,"Түгээмэл асуулт — асуулт, хариулт"
faq.items.dismissal-deadline.question,Ажлаас халагдсан бол хэдий хугацаанд хандах ёстой вэ?,I have been dismissed — how soon should I act?,被解雇后应在多长时间内提起诉讼？,"Түгээмэл асуулт — асуулт, хариулт"
faq.items.dismissal-deadline.answer,Ажлаас халагдсан тухай шийдвэрийг хүлээн авснаас хойш 30 хоногийн дотор шүүхэд хандах эрхтэй. Хугацаа алдахгүйн тулд шийдвэр гармагц бидэнтэй холбогдоно уу.,You may apply to the court within 30 days of receiving the dismissal decision. Contact us as soon as the decision is issued so that the deadline is not missed.,自收到解雇决定之日起 30 日内可向法院起诉。为避免错过期限，请在决定作出后立即与我们联系。,"Түгээмэл асуулт — асуулт, хариулт"
faq.items.compensation.question,Нөхөн олговор хэрхэн тооцогддог вэ?,How is compensation calculated?,补偿金如何计算？,"Түгээмэл асуулт — асуулт, хариулт"
faq.items.compensation.answer,"Ажилгүй байсан хугацааны дундаж цалин, ашиглаагүй ээлжийн амралт болон хуульд заасан бусад олговрыг нэгтгэн тооцно. Тооцоог хуульч таны цалингийн баримт дээр үндэслэн гаргана.","It combines the average salary for the period out of work, unused annual leave and the other payments provided by law. The lawyer prepares the calculation from your salary records.",综合计算失业期间的平均工资、未休年假以及法律规定的其他补偿。律师将根据您的工资凭证出具计算结果。,"Түгээмэл асуулт — асуулт, хариулт"
faq.items.divorce-duration.question,Гэрлэлт цуцлуулах хэрэг хэр удаан үргэлжилдэг вэ?,How long do divorce proceedings take?,离婚案件通常持续多久？,"Түгээмэл асуулт — асуулт, хариулт"
faq.items.divorce-duration.answer,"Хоёр тал зөвшилцсөн бол 1–2 сар, хүүхдийн асрамж эсвэл эд хөрөнгийн маргаантай бол 3–6 сар үргэлжилдэг. Хугацаа шүүхийн ачаалал, баримтын бүрдлээс хамаарна.","Where both parties agree, 1–2 months; where custody or property is disputed, 3–6 months. The timeline depends on the court's caseload and on how complete the documents are.",双方达成一致的为 1–2 个月；就子女监护或财产存在争议的为 3–6 个月。具体期限取决于法院案件量与材料是否齐备。,"Түгээмэл асуулт — асуулт, хариулт"
faq.items.child-support.question,Хүүхдийн тэтгэлэг хэрхэн тогтоогддог вэ?,How is child maintenance determined?,子女抚养费如何确定？,"Түгээмэл асуулт — асуулт, хариулт"
faq.items.child-support.answer,"Хүүхдийн тоо, талуудын орлогоос хамааран хуульд заасан хувь хэмжээгээр шүүх тогтооно. Талууд зөвшилцвөл тэтгэлгийн хэмжээг гэрээгээр тохирох боломжтой.","The court sets it at the rate provided by law, based on the number of children and the parties' incomes. If the parties agree, the amount may be fixed by agreement.",由法院根据子女人数与双方收入，按法律规定的比例确定。双方协商一致的，也可通过协议约定数额。,"Түгээмэл асуулт — асуулт, хариулт"
faq.items.urgent.question,Яаралтай тохиолдолд хэрхэн холбогдох вэ?,How do I reach you in an urgent situation?,紧急情况下如何联系？,"Түгээмэл асуулт — асуулт, хариулт"
faq.items.urgent.answer,"«Холбоо барих» хэсэгт заасан утсаар залгах, эсхүл порталаар хүсэлт илгээнэ үү. Эрүүгийн хэргийн хувьд мэдүүлэг өгөхөөс өмнө өмгөөлөгчтэй холбогдохыг зөвлөж байна.",Call the number shown on the Contact page or send a request through the portal. In criminal matters we recommend speaking to a lawyer before you give a statement.,请拨打“联系我们”页面所列电话，或通过门户提交申请。刑事案件建议在作出陈述前先与律师联系。,"Түгээмэл асуулт — асуулт, хариулт"
faq.items.interrogation.question,Байцаалтад хуульчгүй орох ёстой юу?,Do I have to be questioned without a lawyer?,讯问时必须在没有律师的情况下进行吗？,"Түгээмэл асуулт — асуулт, хариулт"
faq.items.interrogation.answer,Үгүй. Та байцаалтын аль ч шатанд хуульч авах эрхтэй. Хуульчаа ирэх хүртэл мэдүүлэг өгөхөөс татгалзаж болно.,"No. You are entitled to a lawyer at every stage of questioning, and you may decline to give a statement until your lawyer arrives.",不必。您在讯问的任何阶段都有权委托律师，并可在律师到场前拒绝作出陈述。,"Түгээмэл асуулт — асуулт, хариулт"
faq.items.portal-login.question,Портал руу хэрхэн нэвтрэх вэ?,How do I sign in to the portal?,如何登录门户？,"Түгээмэл асуулт — асуулт, хариулт"
faq.items.portal-login.answer,Гэрээ байгуулахад таны и-мэйл хаяг руу нэвтрэх мэдээлэл илгээнэ. Нууц үгээ мартсан бол нэвтрэх хуудасны «Нууц үг сэргээх» холбоосоор шинэчилнэ.,"Sign-in details are sent to your e-mail address when the contract is concluded. If you forget your password, reset it through the ""Reset password"" link on the sign-in page.",签订合同时，登录信息会发送至您的电子邮箱。若忘记密码，可通过登录页面的“找回密码”链接重置。,"Түгээмэл асуулт — асуулт, хариулт"
faq.items.documents.question,Баримт бичгээ хэрхэн илгээх вэ?,How do I submit my documents?,如何提交材料？,"Түгээмэл асуулт — асуулт, хариулт"
faq.items.documents.answer,"Портал дээрх хэргийн хуудаснаас баримт хавсаргах боломжтой. PDF, Word, Excel, зураг (JPG, PNG) файлыг 20MB хүртэл хэмжээтэй дэмжинэ.","You can attach documents from the case page in the portal. PDF, Word, Excel and image files (JPG, PNG) of up to 20 MB are supported.",可在门户的案件页面上传材料，支持 PDF、Word、Excel 及图片（JPG、PNG），单个文件最大 20MB。,"Түгээмэл асуулт — асуулт, хариулт"
faq.items.confidentiality.question,Нууцлалыг хэрхэн хангадаг вэ?,How is confidentiality maintained?,如何保障保密？,"Түгээмэл асуулт — асуулт, хариулт"
faq.items.confidentiality.answer,"Хуульч-үйлчлүүлэгчийн нууцлалын зарчмыг чанд баримталж, бүх мэдээллийг шифрлэн хадгална. Таны зөвшөөрөлгүйгээр гуравдагч этгээдэд мэдээлэл дамжуулахгүй.",We observe lawyer–client confidentiality strictly and store all information encrypted. Nothing is passed to a third party without your consent.,我们严格遵守律师与委托人之间的保密义务，所有信息加密存储。未经您同意，不会向第三方提供。,"Түгээмэл асуулт — асуулт, хариулт"
common.home,Нүүр,Home,首页,"Дахин ашиглагддаг (замын заалт, товч, төлөв)"
common.readMore,Дэлгэрэнгүй үзэх,Read more,查看详情,"Дахин ашиглагддаг (замын заалт, товч, төлөв)"
common.all,Бүгд,All,全部,"Дахин ашиглагддаг (замын заалт, товч, төлөв)"
common.back,Буцах,Back,返回,"Дахин ашиглагддаг (замын заалт, товч, төлөв)"
common.breadcrumb,Замын заалт,Breadcrumb,路径导航,"Дахин ашиглагддаг (замын заалт, товч, төлөв)"
common.getAdvice,Зөвлөгөө авах,Request advice,咨询申请,"Дахин ашиглагддаг (замын заалт, товч, төлөв)"
common.yearsOfExperience,{years} жилийн туршлага,{years} years of experience,{years} 年执业经验,"Дахин ашиглагддаг (замын заалт, товч, төлөв)"
common.lawyersUnavailable,Хуульчдын мэдээлэл түр ачаалагдсангүй.,Lawyer profiles could not be loaded.,律师信息暂时无法加载。,"Дахин ашиглагддаг (замын заалт, товч, төлөв)"
common.lawyersComingSoon,Хуульчдын мэдээлэл удахгүй нэмэгдэнэ.,Lawyer profiles will be added soon.,律师信息即将上线。,"Дахин ашиглагддаг (замын заалт, товч, төлөв)"
common.postsUnavailable,Нийтлэл түр ачаалагдсангүй.,Articles could not be loaded.,文章暂时无法加载。,"Дахин ашиглагддаг (замын заалт, товч, төлөв)"
common.postsComingSoon,Нийтлэл удахгүй нийтлэгдэнэ.,Articles will be published soon.,文章即将发布。,"Дахин ашиглагддаг (замын заалт, товч, төлөв)"
common.views,{count} үзсэн,{count} views,{count} 次浏览,"Дахин ашиглагддаг (замын заалт, товч, төлөв)"
servicesPage.metaTitle,Үйлчилгээ,Services,服务,Үйлчилгээний жагсаалт ба дэлгэрэнгүй
servicesPage.metaDescription,"Зургаан үндсэн чиглэлээр зөвлөгөө, баримт бичиг боловсруулах, шүүхэд төлөөлөх үйлчилгээг үзүүлнэ.","We advise, prepare documents and represent clients in court across six principal practice areas.",我们在六大业务领域提供法律咨询、文书起草及出庭代理服务。,Үйлчилгээний жагсаалт ба дэлгэрэнгүй
servicesPage.title,Үйлчилгээний чиглэл,Practice areas,业务领域,Үйлчилгээний жагсаалт ба дэлгэрэнгүй
servicesPage.description,"Зургаан үндсэн чиглэлээр зөвлөгөө, баримт бичиг боловсруулах, шүүхэд төлөөлөх үйлчилгээг үзүүлнэ.","We advise, prepare documents and represent clients in court across six principal practice areas.",我们在六大业务领域提供法律咨询、文书起草及出庭代理服务。,Үйлчилгээний жагсаалт ба дэлгэрэнгүй
servicesPage.crumb,Үйлчилгээ,Services,服务,Үйлчилгээний жагсаалт ба дэлгэрэнгүй
servicesPage.crumbAll,Бүх чиглэл,All practice areas,全部领域,Үйлчилгээний жагсаалт ба дэлгэрэнгүй
servicesPage.listHeading,Үйлчилгээний чиглэлүүд,Practice areas,业务领域,Үйлчилгээний жагсаалт ба дэлгэрэнгүй
servicesPage.processOverline,Хамтран ажиллах явц,How we work together,合作流程,Үйлчилгээний жагсаалт ба дэлгэрэнгүй
servicesPage.processTitle,Дөрвөн алхмаар,In four steps,四个步骤,Үйлчилгээний жагсаалт ба дэлгэрэнгүй
servicesPage.step,Алхам {number}:,Step {number}:,第 {number} 步：,Үйлчилгээний жагсаалт ба дэлгэрэнгүй
servicesPage.notFound,Үйлчилгээ олдсонгүй,Service not found,未找到该服务,Үйлчилгээний жагсаалт ба дэлгэрэнгүй
servicesPage.whatWeDo,Бид юу хийдэг вэ?,What we do,我们做什么,Үйлчилгээний жагсаалт ба дэлгэрэнгүй
servicesPage.scope,Үйлчилгээний хамрах хүрээ,Scope of the service,服务范围,Үйлчилгээний жагсаалт ба дэлгэрэнгүй
servicesPage.faqHeading,Түгээмэл асуулт,Frequently asked questions,常见问题,Үйлчилгээний жагсаалт ба дэлгэрэнгүй
servicesPage.lawyersHeading,Энэ чиглэлийн хуульчид,Lawyers in this practice area,该领域的律师,Үйлчилгээний жагсаалт ба дэлгэрэнгүй
servicesPage.pricingHeading,Төлбөрийн мэдээлэл,Fees,收费说明,Үйлчилгээний жагсаалт ба дэлгэрэнгүй
servicesPage.pricingNote,"Төлбөрийн хэмжээг ажлын цар хүрээ, хугацаанаас хамааран гэрээгээр тогтооно.",Fees are agreed in the engagement contract and depend on the scope and duration of the work.,收费标准依据工作范围与期限，在委托合同中约定。,Үйлчилгээний жагсаалт ба дэлгэрэнгүй
faqPage.metaTitle,Түгээмэл асуулт,FAQ,常见问题,Түгээмэл асуулт — хуудасны бүтэц
faqPage.metaDescription,Харилцагчдаас хамгийн олон асуудаг асуултуудын хариултыг чиглэл тус бүрээр эмхэтгэв.,"Answers to the questions clients ask most often, grouped by practice area.",按业务领域整理的客户最常提出的问题及解答。,Түгээмэл асуулт — хуудасны бүтэц
faqPage.title,Хууль эрх зүйн мэдээлэл ба түгээмэл асуулт,Legal information and frequently asked questions,法律信息与常见问题,Түгээмэл асуулт — хуудасны бүтэц
faqPage.description,Харилцагчдаас хамгийн олон асуудаг асуултуудын хариултыг чиглэл тус бүрээр эмхэтгэв.,"Answers to the questions clients ask most often, grouped by practice area.",按业务领域整理的客户最常提出的问题及解答。,Түгээмэл асуулт — хуудасны бүтэц
faqPage.crumb,Түгээмэл асуулт,FAQ,常见问题,Түгээмэл асуулт — хуудасны бүтэц
faqPage.categoryNav,Асуултын ангилал,Question categories,问题分类,Түгээмэл асуулт — хуудасны бүтэц
faqPage.helpTitle,Хариултаа олсонгүй юу?,Didn't find your answer?,没有找到答案？,Түгээмэл асуулт — хуудасны бүтэц
faqPage.helpText,Бидэнд бичээрэй — хүсэлтийг хүлээн авмагц холбогдоно.,Write to us — we will get in touch once we receive your request.,请给我们留言——收到请求后我们会与您联系。,Түгээмэл асуулт — хуудасны бүтэц
faqPage.helpCta,Асуулт илгээх,Send a question,提交问题,Түгээмэл асуулт — хуудасны бүтэц
postCategory.NEWS,Мэдээ,News,资讯,Нийтлэлийн ангилал
postCategory.ADVICE,Зөвлөгөө,Advice,法律建议,Нийтлэлийн ангилал
postCategory.LEGAL_UPDATE,Хууль тогтоомжийн шинэчлэл,Legislative update,法规更新,Нийтлэлийн ангилал
home.hero.overline,"Эрх зүйн зөвлөх, өмгөөллийн үйлчилгээ",Legal advice and representation,法律顾问与辩护代理服务,Нүүр хуудас
home.hero.overlineShort,Эрх зүйн зөвлөх үйлчилгээ,Legal advisory services,法律顾问服务,Нүүр хуудас
home.hero.title,Таны эрхийг хамгаалах бат бөх түшиг,A firm foundation for protecting your rights,维护您权利的坚实依靠,Нүүр хуудас
home.hero.lead,"Иргэний, эрүүгийн, гэр бүлийн, бизнесийн, хөдөлмөрийн болон үл хөдлөх хөрөнгийн эрх зүйн чиглэлээр өмгөөлөл, зөвлөгөө үзүүлнэ. Хэргийнхээ явцыг харилцагчийн порталаас хянана.","We provide representation and advice in civil, criminal, family, business, employment and real estate law. You can follow the progress of your case in the client portal.",我们在民事、刑事、家事、商事、劳动及不动产领域提供辩护代理与法律咨询。您可通过客户门户随时查看案件进展。,Нүүр хуудас
home.hero.leadShort,"Иргэний, эрүүгийн, гэр бүлийн болон бизнесийн эрх зүйн чиглэлээр мэргэжлийн туслалцаа үзүүлнэ.","Professional assistance in civil, criminal, family and business law.",在民事、刑事、家事及商事领域提供专业法律协助。,Нүүр хуудас
home.hero.primaryCta,Зөвлөгөө авах хүсэлт илгээх,Send a request for advice,提交咨询申请,Нүүр хуудас
home.hero.secondaryCta,Үйлчилгээ үзэх,View services,查看服务,Нүүр хуудас
home.services.overline,Үйлчилгээний чиглэл,Practice areas,业务领域,Нүүр хуудас
home.services.title,Бид ямар асуудлыг шийдвэрлэдэг вэ?,What matters do we handle?,我们处理哪些问题？,Нүүр хуудас
home.services.description,"Хувь хүн, аж ахуйн нэгжийн эрх зүйн асуудлыг зургаан үндсэн чиглэлээр бүрэн хамарч ажиллана.",We cover the legal needs of individuals and businesses across six principal practice areas.,我们在六大业务领域全面覆盖个人与企业的法律需求。,Нүүр хуудас
home.advantagesSection.overline,Бидний ажиллах зарчим,How we work,我们的工作原则,Нүүр хуудас
home.advantagesSection.title,Юунд тулгуурлан ажилладаг вэ,What our work is built on,我们的工作以何为本,Нүүр хуудас
home.advantagesSection.description,"Хэргийг хүлээн авахаас шийдвэрлэх хүртэл нэг баг хөтөлж, явц бүрийг бичгээр баримтжуулна.","One team handles your matter from intake to resolution, and every step is documented in writing.",从接受委托到案件了结由同一团队负责，每一步均以书面记录。,Нүүр хуудас
home.advantages.0.value,6,6,6,Нүүр хуудас
home.advantages.0.label,Үйлчилгээний чиглэл,Practice areas,业务领域,Нүүр хуудас
home.advantages.0.note,"Иргэний, эрүүгийн, гэр бүл, бизнес, хөдөлмөр, үл хөдлөх","Civil, criminal, family, business, employment, real estate",民事、刑事、家事、商事、劳动、不动产,Нүүр хуудас
home.advantages.1.value,Портал,Portal,门户,Нүүр хуудас
home.advantages.1.label,Хэргийн явц онлайн,Case progress online,在线查看案件进展,Нүүр хуудас
home.advantages.1.note,"Баримт, нэхэмжлэх, мессеж нэг дор","Documents, invoices and messages in one place",文件、账单与消息集中管理,Нүүр хуудас
home.advantages.2.value,Гэрээ,Contract,合同,Нүүр хуудас
home.advantages.2.label,Ил тод нөхцөл,Transparent terms,条款透明,Нүүр хуудас
home.advantages.2.note,"Ажлын хүрээ, хугацаа, төлбөрийг бичгээр","Scope, timeline and fees agreed in writing",工作范围、期限与费用均以书面约定,Нүүр хуудас
home.advantages.3.value,Нууцлал,Confidentiality,保密,Нүүр хуудас
home.advantages.3.label,Мэдээллийн хамгаалалт,Data protection,信息保护,Нүүр хуудас
home.advantages.3.note,Хандах эрхийг хатуу зохицуулна,Access rights are strictly controlled,严格管理访问权限,Нүүр хуудас
home.team.overline,Хуульчдын баг,Our lawyers,律师团队,Нүүр хуудас
home.team.title,Таны хэргийг хариуцах мэргэжилтнүүд,The professionals who will handle your matter,负责您案件的专业人员,Нүүр хуудас
home.team.all,Бүх хуульчид,All lawyers,全部律师,Нүүр хуудас
home.news.overline,Мэдээ ба нийтлэл,News and articles,资讯与文章,Нүүр хуудас
home.news.title,Хуулийн орчны сүүлийн үеийн мэдээлэл,Recent developments in the legal landscape,法律环境的最新动态,Нүүр хуудас
home.news.titleShort,Хуулийн орчны сүүлийн мэдээлэл,Recent legal developments,最新法律动态,Нүүр хуудас
home.news.all,Бүх нийтлэл,All articles,全部文章,Нүүр хуудас
home.cta.title,Асуудлаа хэрхэн шийдвэрлэхээ мэдэхгүй байна уу?,Not sure how to resolve your issue?,不确定该如何解决您的问题？,Нүүр хуудас
home.cta.text,"Асуудлаа товч бичиж хүсэлт илгээнэ үү. Өмгөөлөгч танилцаад холбогдож, эрх зүйн боломж, дараагийн алхмыг тодруулна.","Describe your situation briefly and send us a request. A lawyer will review it, get in touch and explain the legal options and next steps.",请简要说明您的情况并提交申请。律师审阅后会与您联系，说明法律途径与下一步安排。,Нүүр хуудас
home.cta.textShort,Хүсэлтээ илгээвэл өмгөөлөгч тантай холбогдоно.,Send a request and a lawyer will contact you.,提交申请后，律师将与您联系。,Нүүр хуудас
about.metaTitle,Бидний тухай,About us,关于我们,Бидний тухай
about.metaDescription,"Strategy Law Firm — хууль зүйн мэргэжлийн туслалцаа үзүүлэгч байгууллага. Иргэн, аж ахуйн нэгжид өмгөөлөл, эрх зүйн зөвлөгөө үзүүлнэ.",Strategy Law Firm is a professional legal services firm providing representation and legal advice to individuals and businesses.,Strategy Law Firm 是提供专业法律服务的机构，为个人和企业提供辩护代理与法律咨询。,Бидний тухай
about.title,Бидний тухай,About us,关于我们,Бидний тухай
about.description,Strategy Law Firm — хууль зүйн мэргэжлийн туслалцаа үзүүлэгч байгууллага.,Strategy Law Firm is a professional legal services firm.,Strategy Law Firm 是提供专业法律服务的机构。,Бидний тухай
about.crumb,Бидний тухай,About us,关于我们,Бидний тухай
about.story.overline,БИДНИЙ ТУХАЙ,ABOUT US,关于我们,Бидний тухай
about.story.title,"Эрх зүйн асуудлыг ойлгомжтой болгож, дэргэд нь зогсоно",We make legal matters clear and stand beside you,让法律问题变得清晰，并始终陪伴在您身边,Бидний тухай
about.story.p1,"Strategy Law Firm нь иргэн, аж ахуйн нэгжид хууль зүйн мэргэжлийн туслалцаа үзүүлдэг. Өмгөөллийн үйлчилгээ, эрх зүйн зөвлөгөө, баримт бичгийн боловсруулалт, байгууллага болон шүүхэд төлөөлөх ажлыг хариуцан гүйцэтгэнэ.","Strategy Law Firm provides professional legal assistance to individuals and businesses. Our work covers legal representation, legal advice, drafting of documents, and representation before public bodies and the courts.",Strategy Law Firm 为个人与企业提供专业法律协助，业务包括辩护代理、法律咨询、文书起草，以及在行政机关和法院的代理工作。,Бидний тухай
about.story.p2,"Хэрэг бүрийг хүлээн авахдаа эхлээд бодит боломжийг нь үнэлж, хийж чадах зүйлээ тодорхой хэлдэг. Ажлын явцыг харилцагчийн порталаар хөтөлж, баримт бичиг, хугацаа, дараагийн алхам нь үргэлж нэг дор харагдаж байхаар зохион байгуулсан.","When we take on a matter we first assess what is realistically achievable and say plainly what we can do. The work is tracked in the client portal, so documents, deadlines and next steps are always in one place.",接受委托时，我们首先评估实际可行性，并明确告知我们能够做到的事情。工作进展通过客户门户记录，文件、期限与下一步安排始终集中可见。,Бидний тухай
about.values.overline,ЭРХЭМ ЗОРИЛГО БА ҮНЭТ ЗҮЙЛС,MISSION AND VALUES,使命与价值观,Бидний тухай
about.values.title,"Эрх зүйн туслалцааг хүн бүрт ойлгомжтой, хүртээмжтэй болгох",Making legal assistance clear and accessible to everyone,让法律协助对每个人都清晰易懂、触手可及,Бидний тухай
about.process.overline,ХАМТРАН АЖИЛЛАХ ЯВЦ,HOW WE WORK TOGETHER,合作流程,Бидний тухай
about.process.title,Хэрэг хэрхэн урагшилдаг вэ,How a matter moves forward,案件如何推进,Бидний тухай
about.valueItems.0.title,Шударга байдал,Integrity,诚信,Бидний тухай
about.valueItems.0.text,Бид харилцагчдаа хэргийн бодит боломжийг үнэн зөвөөр хэлдэг. Амлаж чадахгүй зүйлээ хэзээ ч амладаггүй.,We tell clients honestly what their case can realistically achieve. We never promise what we cannot deliver.,我们如实告知客户案件的实际可能性，绝不承诺无法兑现的结果。,Бидний тухай
about.valueItems.1.title,Ил тод байдал,Transparency,透明,Бидний тухай
about.valueItems.1.text,"Төлбөрийн бүтэц, хэргийн явц, хугацааны төлөвлөгөөг эхнээс нь бичгээр тодорхойлж өгнө.","The fee structure, the progress of the matter and the timeline are set out in writing from the start.",收费结构、案件进展与时间安排从一开始即以书面明确。,Бидний тухай
about.valueItems.2.title,Нууцлал,Confidentiality,保密,Бидний тухай
about.valueItems.2.text,Харилцагчийн мэдээллийг хуулийн дагуу чанд хамгаална. Дотоод системд хандах эрхийг хатуу зохицуулдаг.,Client information is protected as the law requires. Access to our internal system is strictly controlled.,依法严格保护客户信息，内部系统的访问权限受到严格管理。,Бидний тухай
about.valueItems.3.title,Ойлгомжтой хэл,Plain language,通俗表达,Бидний тухай
about.valueItems.3.text,"Эрх зүйн нөхцөл байдлыг хуулийн хэллэгээр биш, шийдвэр гаргахад хэрэгтэй хэлбэрээр тайлбарлана.","We explain the legal situation in terms you can act on, not in legal jargon.",我们不使用晦涩的法律术语，而以便于您作出决定的方式说明法律状况。,Бидний тухай
about.processSteps.0.step,01,01,01,Бидний тухай
about.processSteps.0.title,Хүсэлт хүлээн авах,Receiving the request,接收申请,Бидний тухай
about.processSteps.0.text,Порталаар эсхүл холбоо барих хэсгээр хүсэлтээ илгээнэ. Асуудлын төрлийг тодруулна.,You send a request through the portal or the contact page. We clarify the type of matter.,您通过门户或联系页面提交申请，我们确认问题类型。,Бидний тухай
about.processSteps.1.step,02,02,02,Бидний тухай
about.processSteps.1.title,Урьдчилсан үнэлгээ,Initial assessment,初步评估,Бидний тухай
about.processSteps.1.text,"Баримт бичигтэй танилцаж, эрх зүйн боломж, эрсдэлийг тайлбарлана.",We review the documents and explain the legal options and the risks.,我们查阅材料，说明法律途径与风险。,Бидний тухай
about.processSteps.2.step,03,03,03,Бидний тухай
about.processSteps.2.title,"Гэрээ, төлөвлөгөө",Contract and plan,合同与方案,Бидний тухай
about.processSteps.2.text,"Хийх ажил, хугацаа, төлбөрийн нөхцөлийг бичгээр тохиролцоно.","The scope of work, the timeline and the fee terms are agreed in writing.",以书面方式约定工作内容、期限与费用条件。,Бидний тухай
about.processSteps.3.step,04,04,04,Бидний тухай
about.processSteps.3.title,Хэрэг хөтлөх,Handling the matter,办理案件,Бидний тухай
about.processSteps.3.text,"Байгууллага, шүүхэд төлөөлж, явцын мэдээллийг харилцагчийн порталд тогтмол оруулна.",We represent you before public bodies and the courts and post updates in the client portal.,在行政机关与法院代理，并在客户门户持续更新进展。,Бидний тухай
contact.metaTitle,Холбоо барих,Contact,联系我们,Холбоо барих
contact.metaDescription,"Strategy Law Firm-тэй холбогдох: хаяг, утас, и-мэйл, өмгөөлөгч авах, зөвлөгөө авах хүсэлт.","Get in touch with Strategy Law Firm: address, phone, e-mail, requests for representation and advice.",联系 Strategy Law Firm：地址、电话、电子邮箱，辩护代理与法律咨询申请。,Холбоо барих
contact.title,Холбоо барих,Contact,联系我们,Холбоо барих
contact.description,"Өмгөөлөгч авах, зөвлөгөө авах хүсэлтээ порталаас илгээнэ үү. Хүсэлтийг хүлээн авмагц холбогдоно.",Send your request for representation or advice through the portal. We will get in touch once we receive it.,请通过客户门户提交辩护代理或法律咨询申请，收到后我们会与您联系。,Холбоо барих
contact.crumb,Холбоо барих,Contact,联系我们,Холбоо барих
contact.requests.title,Хүсэлт илгээх,Send a request,提交申请,Холбоо барих
contact.requests.description,"Өмгөөлөгч авах, зөвлөгөө авах хүсэлтээ харилцагчийн порталаас илгээнэ. Нэвтэрсний дараа хүсэлтийн явц, томилогдсон өмгөөлөгч, нээгдсэн хэргээ нэг дороос харна.","Requests for representation and advice are submitted through the client portal. Once you sign in, you can see the status of your request, the lawyer assigned to you and your open matters in one place.",辩护代理与法律咨询申请通过客户门户提交。登录后，您可在同一处查看申请状态、指派的律师以及已立案的案件。,Холбоо барих
contact.requests.cta,Хүсэлт гаргах,Submit a request,提交申请,Холбоо барих
contact.requests.LAWYER.title,Өмгөөлөгч авах,Request representation,委托律师,Холбоо барих
contact.requests.LAWYER.description,"Хэргийг тань хариуцаж, шүүх болон байгууллагад төлөөлөх өмгөөлөгч томилуулна.",We assign a lawyer to take on your matter and represent you before the courts and public bodies.,我们指派律师承办您的案件，并在法院及行政机关代理。,Холбоо барих
contact.requests.CONSULTATION.title,Зөвлөгөө авах,Request advice,法律咨询,Холбоо барих
contact.requests.CONSULTATION.description,"Асуудлаа тодруулж, дараагийн алхмыг зөвлөх хуульчтай холбогдоно.",You are connected with a lawyer who clarifies your situation and advises on the next step.,由律师帮助您厘清问题，并就下一步提供建议。,Холбоо барих
contact.requests.signUpPrefix,Бүртгэлгүй бол,"If you do not have an account,",如果尚未注册，请先,Холбоо барих
contact.requests.signUpLink,бүртгүүлээд,sign up,注册,Холбоо барих
contact.requests.signUpSuffix,үргэлжлүүлнэ үү. Яаралтай асуудлаар {phone} дугаарт залгана уу.,"to continue. For urgent matters, call {phone}.",后继续。紧急事项请拨打 {phone}。,Холбоо барих
contact.office.title,Оффисын мэдээлэл,Office details,办公室信息,Холбоо барих
contact.office.address,Хаяг,Address,地址,Холбоо барих
contact.office.phone,Утас,Phone,电话,Холбоо барих
contact.office.email,Имэйл,E-mail,电子邮箱,Холбоо барих
contact.office.hours,Ажлын цаг,Office hours,办公时间,Холбоо барих
contact.office.social,Олон нийтийн сүлжээ,Social media,社交媒体,Холбоо барих
contact.map.label,Оффисын байршлын газрын зураг,Map of the office location,办公室位置地图,Холбоо барих
contact.map.caption,Газрын зургийн байрлал,Map location,地图位置,Холбоо барих
lawyers.metaTitle,Хуульчид,Lawyers,律师团队,Хуульчдын жагсаалт
lawyers.metaDescription,Чиглэл тус бүрээр мэргэшсэн хуульчдаас танд тохирохыг нь сонгоно уу.,Choose the lawyer who fits your matter from our specialists in each practice area.,从各业务领域的专业律师中选择适合您的一位。,Хуульчдын жагсаалт
lawyers.title,Хуульчдын баг,Our lawyers,律师团队,Хуульчдын жагсаалт
lawyers.description,Чиглэл тус бүрээр мэргэшсэн хуульчдаас танд тохирохыг нь сонгоно уу.,Choose the lawyer who fits your matter from our specialists in each practice area.,从各业务领域的专业律师中选择适合您的一位。,Хуульчдын жагсаалт
lawyers.descriptionCounted,Чиглэл тус бүрээр мэргэшсэн {count} хуульчаас танд тохирохыг нь сонгоно уу.,Choose the lawyer who fits your matter from our {count} specialists across the practice areas.,从各业务领域的 {count} 位专业律师中选择适合您的一位。,Хуульчдын жагсаалт
lawyers.crumb,Хуульчид,Lawyers,律师团队,Хуульчдын жагсаалт
lawyers.filterLabel,Мэргэшлийн чиглэлээр шүүх,Filter by practice area,按业务领域筛选,Хуульчдын жагсаалт
lawyers.failedTitle,Хуульчдын мэдээлэл ачаалагдсангүй,Lawyer profiles could not be loaded,律师信息加载失败,Хуульчдын жагсаалт
lawyers.failedDescription,API-тай холбогдож чадсангүй. Түр хүлээгээд дахин оролдоно уу.,We could not reach the API. Please wait a moment and try again.,无法连接到接口，请稍后重试。,Хуульчдын жагсаалт
lawyers.noneTitle,Хуульчийн мэдээлэл байхгүй байна,No lawyer profiles yet,暂无律师信息,Хуульчдын жагсаалт
lawyers.noneForFilter,"""{spec}"" чиглэлээр хуульч олдсонгүй","No lawyers found in ""{spec}""",未找到“{spec}”领域的律师,Хуульчдын жагсаалт
lawyers.noneDescription,"Өөр чиглэл сонгох эсвэл ""Бүгд"" дээр дарна уу.","Choose another practice area or select ""All"".",请选择其他领域或点击“全部”。,Хуульчдын жагсаалт
lawyerDetail.notFound,Хуульч олдсонгүй,Lawyer not found,未找到该律师,Хуульчийн дэлгэрэнгүй
lawyerDetail.contactTitle,Холбоо барих,Contact,联系方式,Хуульчийн дэлгэрэнгүй
lawyerDetail.phone,Утас,Phone,电话,Хуульчийн дэлгэрэнгүй
lawyerDetail.email,Имэйл,E-mail,电子邮箱,Хуульчийн дэлгэрэнгүй
lawyerDetail.bookCta,Цаг захиалах,Book an appointment,预约时间,Хуульчийн дэлгэрэнгүй
lawyerDetail.specializations,Мэргэшлийн чиглэл,Practice areas,业务领域,Хуульчийн дэлгэрэнгүй
lawyerDetail.education,Боловсрол ба гэрчилгээ,Education and credentials,教育背景与资质,Хуульчийн дэлгэрэнгүй
lawyerDetail.bio,Намтар,Biography,个人简介,Хуульчийн дэлгэрэнгүй
news.metaTitle,Мэдээ ба нийтлэл,News and articles,资讯与文章,"Мэдээ, нийтлэл"
news.metaDescription,"Хуулийн шинэчлэл, практик зөвлөгөө, фирмийн мэдээллийг энд нийтэлнэ.","Legislative updates, practical advice and firm news are published here.",这里发布法规更新、实务建议与本所动态。,"Мэдээ, нийтлэл"
news.title,Мэдээ ба нийтлэл,News and articles,资讯与文章,"Мэдээ, нийтлэл"
news.description,"Хуулийн шинэчлэл, практик зөвлөгөө, фирмийн мэдээллийг энд нийтэлнэ.","Legislative updates, practical advice and firm news are published here.",这里发布法规更新、实务建议与本所动态。,"Мэдээ, нийтлэл"
news.crumb,Мэдээ ба нийтлэл,News and articles,资讯与文章,"Мэдээ, нийтлэл"
news.crumbAll,Бүх нийтлэл,All articles,全部文章,"Мэдээ, нийтлэл"
news.categoryLabel,Ангилал,Category,分类,"Мэдээ, нийтлэл"
news.featured,Онцлох,Featured,精选,"Мэдээ, нийтлэл"
news.search,Нийтлэл хайх,Search articles,搜索文章,"Мэдээ, нийтлэл"
news.searchSubmit,Хайх,Search,搜索,"Мэдээ, нийтлэл"
news.searchResult,«{query}» хайлтын үр дүн: {count} нийтлэл,Results for «{query}»: {count} articles,“{query}”的搜索结果：{count} 篇文章,"Мэдээ, нийтлэл"
news.clearSearch,Цэвэрлэх,Clear,清除,"Мэдээ, нийтлэл"
news.failedTitle,Мэдээ ачаалахад алдаа гарлаа,The news could not be loaded,资讯加载失败,"Мэдээ, нийтлэл"
news.failedDescription,API ажиллаж байгаа эсэхийг шалгаад дахин оролдоно уу.,Check that the API is running and try again.,请确认接口是否正常运行后重试。,"Мэдээ, нийтлэл"
news.noneTitle,Нийтлэл олдсонгүй,No articles found,未找到文章,"Мэдээ, нийтлэл"
news.noneDescription,Өөр ангилал сонгох эсвэл хайлтаа өөрчилнө үү.,Choose another category or change your search.,请选择其他分类或修改搜索条件。,"Мэдээ, нийтлэл"
news.mongolianNote,Эдгээр нийтлэл монгол хэл дээр байна.,These articles are published in Mongolian.,以下文章为蒙古文。,"Мэдээ, нийтлэл"
news.related,Холбоотой нийтлэл,Related articles,相关文章,"Мэдээ, нийтлэл"
news.share,Хуваалцах:,Share:,分享：,"Мэдээ, нийтлэл"
news.copyLink,Холбоос хуулах,Copy link,复制链接,"Мэдээ, нийтлэл"
news.shareAction,Хуваалцах,Share,分享,"Мэдээ, нийтлэл"
news.shareEmail,Имэйлээр илгээх,Send by e-mail,通过邮件发送,"Мэдээ, нийтлэл"
news.readingTime,{minutes} минут унших,{minutes} min read,阅读约 {minutes} 分钟,"Мэдээ, нийтлэл"
states.retry,Дахин оролдох,Try again,重试,"Хоосон / алдааны төлөв, хуудаслалт"
states.getHelp,Тусламж авах,Get help,获取帮助,"Хоосон / алдааны төлөв, хуудаслалт"
states.loading,Ачааллаж байна,Loading,加载中,"Хоосон / алдааны төлөв, хуудаслалт"
states.errorTitle,Алдаа гарлаа,Something went wrong,出现错误,"Хоосон / алдааны төлөв, хуудаслалт"
states.errorMessage,Мэдээллийг ачаалах явцад алдаа гарлаа. Дахин оролдоно уу.,An error occurred while loading the content. Please try again.,加载内容时出现错误，请重试。,"Хоосон / алдааны төлөв, хуудаслалт"
states.pagination,Хуудаслалт,Pagination,分页,"Хоосон / алдааны төлөв, хуудаслалт"
states.pageTitle,Хуудас ачаалахад алдаа гарлаа,The page could not be loaded,页面加载失败,"Хоосон / алдааны төлөв, хуудаслалт"
states.pageMessage,Түр зуурын алдаа. Дахин оролдоно уу.,A temporary error. Please try again.,临时错误，请重试。,"Хоосон / алдааны төлөв, хуудаслалт"
privacy.metaTitle,Нууцлалын бодлого,Privacy policy,隐私政策,Нууцлалын бодлого
privacy.metaDescription,"Strategy Law Firm харилцагчийн хувийн мэдээллийг хэрхэн цуглуулж, ашиглаж, хамгаалдаг тухай.","How Strategy Law Firm collects, uses and protects clients' personal data.",Strategy Law Firm 如何收集、使用和保护客户的个人信息。,Нууцлалын бодлого
privacy.title,Нууцлалын бодлого,Privacy policy,隐私政策,Нууцлалын бодлого
privacy.description,"Бид таны хувийн мэдээллийг эрх зүйн туслалцаа үзүүлэх зорилгоор л ашиглаж, хуулийн дагуу хамгаална.","We use your personal data only to provide legal assistance, and protect it as the law requires.",我们仅为提供法律协助而使用您的个人信息，并依法予以保护。,Нууцлалын бодлого
privacy.crumb,Нууцлалын бодлого,Privacy policy,隐私政策,Нууцлалын бодлого
privacy.updated,Сүүлд шинэчилсэн: {date},Last updated: {date},最近更新：{date},Нууцлалын бодлого
privacy.updatedDate,2026 оны 9 дүгээр сарын 16,16 September 2026,2026 年 9 月 16 日,Нууцлалын бодлого
privacy.sections.0.title,1. Бид ямар мэдээлэл цуглуулдаг вэ,1. What data we collect,1. 我们收集哪些信息,Нууцлалын бодлого
privacy.sections.0.items.0,"Таны өгсөн мэдээлэл: овог нэр, утас, и-мэйл, хэргийн тухай тайлбар, илгээсэн баримт бичиг.","Data you provide: name, phone number, e-mail, a description of your matter and the documents you send.",您提供的信息：姓名、电话、电子邮箱、案件情况说明及所提交的文件。,Нууцлалын бодлого
privacy.sections.0.items.1,"Гэрээний гүйцэтгэлээс үүсэх мэдээлэл: хэргийн явц, уулзалт, шүүх хурлын тэмдэглэл, нэхэмжлэх, төлбөрийн тэмдэглэл.","Data arising from the engagement: the progress of the matter, meetings, notes of hearings, invoices and payment records.",履行委托过程中产生的信息：案件进展、会面记录、庭审笔记、账单与付款记录。,Нууцлалын бодлого
privacy.sections.0.items.2,"Порталын техникийн мэдээлэл: нэвтэрсэн огноо, төхөөрөмжийн товч мэдээлэл, үйлдлийн аудитын бүртгэл. Бид зар сурталчилгааны хяналтын cookie ашигладаггүй.","Technical data from the portal: sign-in times, basic device information and an audit log of actions. We do not use advertising or tracking cookies.",门户的技术信息：登录时间、设备基本信息及操作审计日志。我们不使用广告追踪 cookie。,Нууцлалын бодлого
privacy.sections.1.title,2. Юунд ашигладаг вэ,2. How we use it,2. 用于何种目的,Нууцлалын бодлого
privacy.sections.1.items.0,"Эрх зүйн туслалцаа үзүүлэх, хэргийг хөтлөх, шүүх болон бусад байгууллагад төлөөлөх.","To provide legal assistance, conduct the matter and represent you before courts and other bodies.",提供法律协助、办理案件，并在法院及其他机关代理。,Нууцлалын бодлого
privacy.sections.1.items.1,"Харилцагчийн порталаар хэргийн явц, баримт, нэхэмжлэхийг харуулах, мэдэгдэл илгээх.","To display the progress of the matter, documents and invoices in the client portal and to send notifications.",在客户门户展示案件进展、文件与账单，并发送通知。,Нууцлалын бодлого
privacy.sections.1.items.2,"Хууль, шүүхийн шийдвэрээр шаардсан үүргээ биелүүлэх, мөнгө угаахтай тэмцэх зэрэг шалгалтыг хийх.","To meet obligations imposed by law or by a court decision, including anti-money-laundering checks.",履行法律或法院裁判所要求的义务，包括反洗钱审查。,Нууцлалын бодлого
privacy.sections.1.items.3,"Таны мэдээллийг зар сурталчилгаанд ашиглах, гуравдагч этгээдэд худалдахгүй.",We do not use your data for advertising and do not sell it to third parties.,我们不将您的信息用于广告，也不向第三方出售。,Нууцлалын бодлого
privacy.sections.2.title,3. Хэнд задруулж болох вэ,3. Who it may be disclosed to,3. 可能向谁披露,Нууцлалын бодлого
privacy.sections.2.items.0,"Хэргийг хариуцсан өмгөөлөгч, багийн гишүүд болон тэдгээрийг дэмжих ажилтнууд.","The lawyer responsible for the matter, the team members and the support staff assisting them.",承办案件的律师、团队成员及协助其工作的人员。,Нууцлалын бодлого
privacy.sections.2.items.1,"Таны бичгээр зөвшөөрснөөр эсвэл хууль шаардсан тохиолдолд шүүх, прокурор, төрийн эрх бүхий байгууллага.","Courts, prosecutors and competent public authorities, with your written consent or where the law requires it.",经您书面同意或法律要求时，向法院、检察机关及有权国家机关披露。,Нууцлалын бодлого
privacy.sections.2.items.2,"Системийг ажиллуулахад зайлшгүй үйлчилгээ үзүүлэгч (сервер, и-мэйл). Тэд зөвхөн даалгасан ажлын хүрээнд боловсруулах бөгөөд нууцлалын гэрээгээр хүлээгдэнэ.","Service providers essential to running the system (servers, e-mail). They process data only within the task assigned to them and are bound by confidentiality agreements.",维持系统运行所必需的服务提供方（服务器、电子邮件）。其仅在受托范围内处理数据，并受保密协议约束。,Нууцлалын бодлого
privacy.sections.3.title,4. Хадгалалт ба хамгаалалт,4. Storage and protection,4. 存储与保护,Нууцлалын бодлого
privacy.sections.3.items.0,"Баримтыг шифрлэсэн сувгаар дамжуулж, хандах эрхийг үүргийн дагуу хязгаарладаг. Портал руу нэвтрэх бүрд сесс шинэчлэгддэг.",Documents are transmitted over encrypted channels and access is limited according to role. The session is renewed at every sign-in to the portal.,文件通过加密通道传输，访问权限按职责限定。每次登录门户均更新会话。,Нууцлалын бодлого
privacy.sections.3.items.1,"Хэргийн материалыг гэрээ дуусснаас хойш хуульд заасан хугацаанд (ерөнхийдөө 10 жил) архивлаж, дараа нь устгана.",Case materials are archived for the period required by law after the engagement ends (generally 10 years) and are then destroyed.,案件材料在委托结束后按法律规定的期限（一般为 10 年）归档保存，期满后销毁。,Нууцлалын бодлого
privacy.sections.3.items.2,Аюулгүй байдлын зөрчил илэрвэл нөлөөлөлд өртсөн харилцагчид болон эрх бүхий байгууллагад нэн даруй мэдэгдэнэ.,"If a security breach occurs, we notify the affected clients and the competent authority without delay.",如发生安全事件，我们将立即通知受影响的客户及有权机关。,Нууцлалын бодлого
privacy.sections.4.title,5. Таны эрх,5. Your rights,5. 您的权利,Нууцлалын бодлого
privacy.sections.4.items.0,"Өөрийн мэдээлэлтэй танилцах, хуулбар авах.",To access your data and obtain a copy of it.,查阅本人信息并获取副本。,Нууцлалын бодлого
privacy.sections.4.items.1,"Буруу, дутуу мэдээллийг засуулах, шинэчлүүлэх (порталын «Профайл» хэсгээс шууд).","To have incorrect or incomplete data corrected or updated (directly in the ""Profile"" section of the portal).",更正或更新错误、不完整的信息（可在门户“个人资料”栏目直接办理）。,Нууцлалын бодлого
privacy.sections.4.items.2,"Хууль зөвшөөрөх хүрээнд устгуулах, боловсруулалтыг хязгаарлуулах.","To have data erased or processing restricted, so far as the law allows.",在法律允许的范围内要求删除或限制处理。,Нууцлалын бодлого
privacy.sections.4.items.3,"Мэдэгдлийн тохиргоог өөрчлөх, маркетингийн мэдээлэл авахаас татгалзах.",To change your notification settings and to opt out of marketing messages.,更改通知设置，拒绝接收营销信息。,Нууцлалын бодлого
privacy.contactTitle,6. Холбоо барих,6. Contact,6. 联系方式,Нууцлалын бодлого
privacy.contactPrefix,"Мэдээлэлтэй холбоотой хүсэлт, гомдлоо",Send requests and complaints about your data to,与信息相关的请求或投诉，请发送至,Нууцлалын бодлого
privacy.contactOr,хаягаар эсвэл,or call,或致电,Нууцлалын бодлого
privacy.contactSuffix,дугаараар илгээнэ үү. Хаяг: {address}.,. Address: {address}.,。地址：{address}。,Нууцлалын бодлого
privacy.termsPrefix,Үйлчилгээний нөхцөлтэй,Our terms of service are available,服务条款请见,Нууцлалын бодлого
privacy.termsLink,энд,here,此处,Нууцлалын бодлого
privacy.termsSuffix,танилцана уу.,.,。,Нууцлалын бодлого
terms.metaTitle,Үйлчилгээний нөхцөл,Terms of service,服务条款,Үйлчилгээний нөхцөл
terms.metaDescription,"Strategy Law Firm-ийн эрх зүйн үйлчилгээ, харилцагчийн порталыг ашиглах нөхцөл.",Terms for using Strategy Law Firm's legal services and client portal.,使用 Strategy Law Firm 法律服务及客户门户的条款。,Үйлчилгээний нөхцөл
terms.title,Үйлчилгээний нөхцөл,Terms of service,服务条款,Үйлчилгээний нөхцөл
terms.description,"Вэб сайт, харилцагчийн портал болон эрх зүйн үйлчилгээг ашиглахад мөрдөгдөх нөхцөл.","The terms that apply to the website, the client portal and our legal services.",适用于本网站、客户门户及法律服务的条款。,Үйлчилгээний нөхцөл
terms.crumb,Үйлчилгээний нөхцөл,Terms of service,服务条款,Үйлчилгээний нөхцөл
terms.updated,Сүүлд шинэчилсэн: {date},Last updated: {date},最近更新：{date},Үйлчилгээний нөхцөл
terms.updatedDate,2026 оны 9 дүгээр сарын 16,16 September 2026,2026 年 9 月 16 日,Үйлчилгээний нөхцөл
terms.registration,РД {number},Reg. no. {number},注册号 {number},Үйлчилгээний нөхцөл
terms.sections.0.title,1. Үйлчилгээний хамрах хүрээ,1. Scope of services,1. 服务范围,Үйлчилгээний нөхцөл
terms.sections.0.items.0,"Эрх зүйн туслалцааны нөхцөл бүрийг тухайн хэргийн гэрээгээр тодорхойлно. Энэхүү нөхцөл нь вэб сайт, харилцагчийн порталд хамаарна.",The terms of legal assistance in each matter are set out in the engagement contract for that matter. These terms apply to the website and the client portal.,各案件法律协助的具体条件，由该案件的委托合同约定。本条款适用于本网站与客户门户。,Үйлчилгээний нөхцөл
terms.sections.0.items.1,"Порталаар илгээсэн хүсэлт нь өмгөөллийн гэрээ байгуулсан гэсэн үг биш. Бид хүсэлтийг хянаж, хүлээж авах эсвэл шалтгаанаа мэдэгдэж татгалзана.","Sending a request through the portal does not create an engagement. We review each request and either accept it or decline it, stating our reasons.",通过门户提交申请并不等于已签订委托合同。我们将审核申请，决定接受或说明理由予以拒绝。,Үйлчилгээний нөхцөл
terms.sections.0.items.2,"Өмгөөлөгч томилогдож, хэрэг нээгдсэнээр л ажил эхэлнэ.",Work begins only once a lawyer has been assigned and the matter has been opened.,只有在指派律师并立案后，工作方才开始。,Үйлчилгээний нөхцөл
terms.sections.1.title,2. Порталыг ашиглах,2. Using the portal,2. 门户的使用,Үйлчилгээний нөхцөл
terms.sections.1.items.0,"Нэвтрэх мэдээллээ нууцалж, бусдад дамжуулахгүй байх үүрэгтэй. Сэжигтэй нэвтрэлт илэрвэл нэн даруй бидэнд мэдэгдэнэ үү.",You must keep your sign-in details confidential and not share them. Tell us immediately if you notice suspicious activity.,您有义务对登录信息保密，不得转交他人。发现异常登录请立即通知我们。,Үйлчилгээний нөхцөл
terms.sections.1.items.1,Порталд байршуулсан баримтын үнэн зөв байдлыг харилцагч хариуцна.,The client is responsible for the accuracy of the documents uploaded to the portal.,上传至门户的材料的真实性由客户负责。,Үйлчилгээний нөхцөл
terms.sections.1.items.2,"Системийг хууль бус зорилгоор, бусдын мэдээлэлд хандах оролдлогод ашиглахыг хориглоно. Зөрчсөн тохиолдолд хандалтыг хаана.",Using the system for unlawful purposes or attempting to access other people's data is prohibited. Access will be blocked if these terms are breached.,禁止将系统用于违法目的或试图访问他人信息。违反的，我们将关闭其访问权限。,Үйлчилгээний нөхцөл
terms.sections.2.title,3. Төлбөр,3. Fees,3. 费用,Үйлчилгээний нөхцөл
terms.sections.2.items.0,"Үйлчилгээний хөлсийг гэрээнд заасан хэлбэрээр (цагаар, ажлын багцаар эсвэл үр дүнгээр) тооцно.","Fees are calculated in the form set out in the contract (hourly, by package of work, or by result).",服务费按合同约定的方式计算（按小时、按工作包或按结果）。,Үйлчилгээний нөхцөл
terms.sections.2.items.1,Нэхэмжлэхийг порталаар илгээх ба заасан хугацаанд фирмийн дансанд шилжүүлнэ. Төлбөр хийсний дараа порталаас тэмдэглэхэд бид гүйлгээг тулгаж баталгаажуулна.,"Invoices are issued through the portal and paid into the firm's account within the stated period. Once you mark a payment in the portal, we reconcile and confirm the transfer.",账单通过门户发送，并在规定期限内汇入本所账户。您在门户标记付款后，我们将核对并确认到账。,Үйлчилгээний нөхцөл
terms.sections.2.items.2,"Хугацаа хэтэрсэн нэхэмжлэх «Хугацаа хэтэрсэн» төлөвт шилжиж, шаардлагатай бол ажлыг түр зогсоож болно.","An overdue invoice moves to the ""Overdue"" status, and work may be suspended where necessary.",逾期账单将转为“逾期”状态，必要时可暂停工作。,Үйлчилгээний нөхцөл
terms.sections.3.title,4. Нууцлал ба ашиг сонирхлын зөрчил,4. Confidentiality and conflicts of interest,4. 保密与利益冲突,Үйлчилгээний нөхцөл
terms.sections.3.items.0,Харилцагчийн мэдээллийг өмгөөллийн нууцын дэглэмээр хамгаална.,Client information is protected under the rules of lawyer–client privilege.,客户信息依照律师保密义务予以保护。,Үйлчилгээний нөхцөл
terms.sections.3.items.1,Шинэ хүсэлт бүрийг ашиг сонирхлын зөрчилд шалгана. Зөрчил илэрвэл ажлыг хүлээн авахаас татгалзана.,"Every new request is checked for conflicts of interest. Where a conflict exists, we decline the engagement.",每一项新申请均进行利益冲突审查。存在冲突的，我们将拒绝受理。,Үйлчилгээний нөхцөл
terms.sections.4.title,5. Хариуцлагын хязгаар,5. Limitation of liability,5. 责任限制,Үйлчилгээний нөхцөл
terms.sections.4.items.0,"Бид мэргэжлийн ур чадвар, хянамгай байдлыг баримтална. Гэхдээ шүүх, эрх бүхий байгууллагын шийдвэрийн үр дүнг урьдчилан баталгаажуулахгүй.","We act with professional skill and care. We cannot, however, guarantee the outcome of a decision by a court or a public authority.",我们秉持专业技能与审慎态度执业，但不对法院或有权机关裁决的结果作出预先保证。,Үйлчилгээний нөхцөл
terms.sections.4.items.1,"Харилцагчийн буруу, дутуу мэдээлэл, хугацаа хожимдуулснаас үүдэх үр дагаврыг фирм хариуцахгүй.",The firm is not liable for consequences arising from incorrect or incomplete information provided by the client or from delays on the client's part.,因客户提供的信息错误、不完整或延误所导致的后果，本所不承担责任。,Үйлчилгээний нөхцөл
terms.sections.4.items.2,Сайт болон порталын техникийн тасалдлаас үүдэх шууд бус хохирлыг хуулиар зөвшөөрөгдөх хүрээнд хариуцахгүй.,"So far as the law allows, we are not liable for indirect loss arising from technical interruptions to the website or the portal.",在法律允许的范围内，本所不对因网站或门户技术中断造成的间接损失承担责任。,Үйлчилгээний нөхцөл
terms.sections.5.title,6. Гэрээ цуцлах ба маргаан,6. Termination and disputes,6. 合同解除与争议,Үйлчилгээний нөхцөл
terms.sections.5.items.0,Талууд бичгээр мэдэгдэж гэрээг цуцлаж болно. Цуцлах хүртэлх ажлын хөлсийг тооцож нэхэмжилнэ.,Either party may terminate the contract by written notice. Fees for the work done up to termination are calculated and invoiced.,任何一方均可书面通知解除合同。解除前已完成工作的费用将予以核算并开具账单。,Үйлчилгээний нөхцөл
terms.sections.5.items.1,"Маргааныг эн тэргүүнд хэлэлцээрээр, эс бөгөөс Монгол Улсын хууль тогтоомжийн дагуу шүүхээр шийдвэрлэнэ.",Disputes are resolved primarily by negotiation and otherwise by the courts in accordance with the laws of Mongolia.,争议首先通过协商解决，协商不成的，依照蒙古国法律由法院解决。,Үйлчилгээний нөхцөл
terms.sections.5.items.2,"Энэхүү нөхцөлд өөрчлөлт оруулбал сайт дээр нийтэлж, шинэчилсэн огноог заана.","If these terms change, the new version is published on the website with the date of the update.",本条款如有变更，将在网站公布并注明更新日期。,Үйлчилгээний нөхцөл
terms.contactTitle,7. Холбоо барих,7. Contact,7. 联系方式,Үйлчилгээний нөхцөл
terms.contactPrefix,Нөхцөлтэй холбоотой асуултаа,Send questions about these terms to,有关本条款的问题，请发送至,Үйлчилгээний нөхцөл
terms.contactOr,хаягаар эсвэл,or call,或致电,Үйлчилгээний нөхцөл
terms.contactSuffix,дугаараар тавина уу.,.,。,Үйлчилгээний нөхцөл
terms.privacyPrefix,Хувийн мэдээлэл боловсруулалтыг,How we process personal data is described in our,个人信息的处理方式，请阅读我们的,Үйлчилгээний нөхцөл
terms.privacyLink,нууцлалын бодлогоос,privacy policy,隐私政策,Үйлчилгээний нөхцөл
terms.privacySuffix,уншина уу.,.,。,Үйлчилгээний нөхцөл
notFound.title,Хуудас олдсонгүй,Page not found,未找到页面,404 хуудас
notFound.homeCta,Нүүр хуудас руу,Go to the home page,返回首页,404 хуудас
notFound.contactCta,Холбоо барих,Contact,联系我们,404 хуудас
notFound.quickLinks,Түргэн холбоосууд,Quick links,快捷链接,404 хуудас
notFound.links.services.title,Үйлчилгээ,Services,服务,404 хуудас
notFound.links.services.caption,6 чиглэлийн жагсаалт,All six practice areas,六大业务领域,404 хуудас
notFound.links.lawyers.title,Хуульчид,Lawyers,律师团队,404 хуудас
notFound.links.lawyers.caption,Манай багийн танилцуулга,Meet our team,了解我们的团队,404 хуудас
notFound.links.news.title,Мэдээ,News,资讯,404 хуудас
notFound.links.news.caption,Сүүлийн нийтлэлүүд,Latest articles,最新文章,404 хуудас
notFound.links.portal.title,Портал,Client portal,客户门户,404 хуудас
notFound.links.portal.caption,Хэргээ хянах,Follow your matter,查看案件进展,404 хуудас
